route,avg_delay_route,std_delay_route,num_flights_route
ADD-AEP,-360.0,0.0,311
ADD-ALG,-120.0,0.0,157
ADD-AMS,-60.0,0.0,452
ADD-ARN,-60.0,0.0,436
ADD-ATH,0.0,0.0,349
ADD-ATL,-420.0,0.0,433
ADD-BKK,240.0,0.0,71
ADD-BLR,150.0,0.0,602
ADD-BOG,-480.0,0.0,103
ADD-BOM,150.0,0.0,134
ADD-BRU,-60.0,0.0,408
ADD-CAI,-60.0,0.0,324
ADD-CAN,300.0,,1
ADD-CDG,-60.0,0.0,464
ADD-CGK,240.0,0.0,131
ADD-CLT,-420.0,0.0,514
ADD-CMN,-138.3050847457627,27.74440991653435,118
ADD-CNF,-360.0,0.0,51
ADD-CPH,-60.0,0.0,518
ADD-CPT,-60.0,0.0,83
ADD-DEL,150.0,0.0,138
ADD-DME,0.0,0.0,171
ADD-DOH,0.0,0.0,104
ADD-DUB,-120.0,0.0,420
ADD-DXB,60.0,0.0,282
ADD-FCO,-60.0,0.0,392
ADD-FLL,-420.0,0.0,453
ADD-FRA,-60.0,0.0,481
ADD-GRU,-360.0,0.0,266
ADD-HGH,300.0,,1
ADD-HND,360.0,0.0,165
ADD-IAH,-480.0,0.0,632
ADD-ICN,360.0,0.0,136
ADD-IST,0.0,0.0,276
ADD-JFK,-420.0,0.0,427
ADD-JNB,-60.0,0.0,123
ADD-KUL,300.0,0.0,82
ADD-LAX,-600.0,0.0,532
ADD-LGW,-120.0,0.0,414
ADD-LHR,-120.0,0.0,589
ADD-LIM,-480.0,0.0,18
ADD-LIS,-120.0,0.0,324
ADD-MAD,-60.0,0.0,210
ADD-MAN,-120.0,0.0,428
ADD-MCO,-420.0,0.0,360
ADD-MEL,420.0,0.0,243
ADD-MEX,-480.0,0.0,341
ADD-MIA,-420.0,0.0,419
ADD-MNL,300.0,0.0,125
ADD-MUC,-60.0,0.0,446
ADD-MXP,-60.0,0.0,369
ADD-NBO,0.0,0.0,111
ADD-NRT,360.0,0.0,48
ADD-ORD,-480.0,0.0,595
ADD-OSL,-60.0,0.0,391
ADD-PHX,-600.0,0.0,450
ADD-PTY,-480.0,0.0,269
ADD-PVG,300.0,0.0,2
ADD-SAW,0.0,0.0,13
ADD-SCL,-420.0,0.0,15
ADD-SEA,-600.0,0.0,368
ADD-SFO,-600.0,0.0,580
ADD-SGN,240.0,0.0,23
ADD-SIN,300.0,0.0,108
ADD-SVO,0.0,0.0,12
ADD-SYD,420.0,0.0,111
ADD-TPE,300.0,0.0,31
ADD-VIE,-60.0,0.0,351
ADD-YYZ,-420.0,0.0,576
ADD-ZRH,-60.0,0.0,491
AEP-ADD,360.0,0.0,32
AEP-ALG,240.0,0.0,52
AEP-AMS,300.0,0.0,252
AEP-ARN,300.0,0.0,156
AEP-ATH,360.0,0.0,247
AEP-ATL,-60.0,0.0,520
AEP-BKK,600.0,0.0,330
AEP-BLR,510.0,0.0,305
AEP-BOG,-120.0,0.0,307
AEP-BOM,510.0,0.0,310
AEP-BRU,300.0,0.0,371
AEP-CAI,300.0,0.0,324
AEP-CDG,300.0,0.0,258
AEP-CGK,600.0,0.0,173
AEP-CLT,-60.0,0.0,544
AEP-CMN,236.60377358490567,13.997719076062564,53
AEP-CNF,0.0,0.0,704
AEP-CPH,300.0,0.0,352
AEP-CPT,300.0,0.0,23
AEP-DEL,510.0,0.0,385
AEP-DME,360.0,0.0,48
AEP-DOH,360.0,0.0,413
AEP-DUB,240.0,0.0,274
AEP-DXB,420.0,0.0,161
AEP-FCO,300.0,0.0,293
AEP-FLL,-60.0,0.0,479
AEP-FRA,300.0,0.0,454
AEP-GRU,0.0,0.0,385
AEP-HGH,660.0,,1
AEP-HND,720.0,0.0,415
AEP-IAH,-120.0,0.0,592
AEP-ICN,720.0,0.0,535
AEP-IST,360.0,0.0,273
AEP-JFK,-60.0,0.0,511
AEP-JNB,300.0,0.0,19
AEP-KUL,660.0,0.0,189
AEP-LAX,-240.0,0.0,548
AEP-LGW,240.0,0.0,216
AEP-LHR,240.0,0.0,381
AEP-LIM,-120.0,0.0,432
AEP-LIS,240.0,0.0,187
AEP-MAD,300.0,0.0,286
AEP-MAN,240.0,0.0,341
AEP-MCO,-60.0,0.0,532
AEP-MEL,780.0,0.0,235
AEP-MEX,-120.0,0.0,417
AEP-MIA,-60.0,0.0,438
AEP-MNL,660.0,0.0,126
AEP-MUC,300.0,0.0,480
AEP-MXP,300.0,0.0,345
AEP-NBO,360.0,0.0,98
AEP-NRT,720.0,0.0,458
AEP-ORD,-120.0,0.0,546
AEP-OSL,300.0,0.0,296
AEP-PHX,-240.0,0.0,421
AEP-PTY,-120.0,0.0,41
AEP-PVG,660.0,0.0,11
AEP-SAW,360.0,0.0,307
AEP-SCL,-60.0,0.0,21
AEP-SEA,-240.0,0.0,678
AEP-SFO,-240.0,0.0,561
AEP-SGN,600.0,0.0,131
AEP-SHA,660.0,0.0,34
AEP-SIN,660.0,0.0,85
AEP-SVO,360.0,0.0,148
AEP-SYD,780.0,0.0,272
AEP-TPE,660.0,0.0,210
AEP-VIE,300.0,0.0,422
AEP-YYZ,-60.0,0.0,570
AEP-ZRH,300.0,0.0,469
ALG-ADD,120.0,0.0,90
ALG-AEP,-240.0,0.0,362
ALG-AMS,60.0,0.0,284
ALG-ARN,60.0,0.0,266
ALG-ATH,120.0,0.0,239
ALG-ATL,-300.0,0.0,412
ALG-BKK,360.0,0.0,230
ALG-BLR,270.0,0.0,53
ALG-BOG,-360.0,0.0,363
ALG-BOM,270.0,0.0,254
ALG-BRU,60.0,0.0,317
ALG-CAI,60.0,0.0,256
ALG-CAN,420.0,,1
ALG-CDG,60.0,0.0,172
ALG-CGK,360.0,0.0,128
ALG-CLT,-300.0,0.0,322
ALG-CMN,-30.0,30.09917382422086,152
ALG-CNF,-240.0,0.0,30
ALG-CPH,60.0,0.0,271
ALG-CPT,60.0,0.0,204
ALG-DEL,270.0,0.0,307
ALG-DME,120.0,0.0,13
ALG-DOH,120.0,0.0,52
ALG-DUB,0.0,0.0,244
ALG-DXB,180.0,0.0,135
ALG-FCO,60.0,0.0,177
ALG-FLL,-300.0,0.0,448
ALG-FRA,60.0,0.0,160
ALG-GRU,-240.0,0.0,282
ALG-HND,480.0,0.0,153
ALG-IAH,-360.0,0.0,418
ALG-ICN,480.0,0.0,158
ALG-IST,120.0,0.0,50
ALG-JFK,-300.0,0.0,499
ALG-JNB,60.0,0.0,285
ALG-KUL,420.0,0.0,167
ALG-LAX,-480.0,0.0,425
ALG-LGW,0.0,0.0,132
ALG-LHR,0.0,0.0,283
ALG-LIM,-360.0,0.0,212
ALG-LIS,0.0,0.0,245
ALG-MAD,60.0,0.0,281
ALG-MAN,0.0,0.0,306
ALG-MCO,-300.0,0.0,492
ALG-MEL,540.0,0.0,264
ALG-MEX,-360.0,0.0,345
ALG-MIA,-300.0,0.0,411
ALG-MNL,420.0,0.0,114
ALG-MUC,60.0,0.0,289
ALG-MXP,60.0,0.0,215
ALG-NBO,120.0,0.0,168
ALG-NRT,480.0,0.0,42
ALG-ORD,-360.0,0.0,495
ALG-OSL,60.0,0.0,280
ALG-PHX,-480.0,0.0,358
ALG-PTY,-360.0,0.0,54
ALG-PVG,420.0,,1
ALG-SAW,120.0,0.0,16
ALG-SCL,-300.0,0.0,31
ALG-SEA,-480.0,0.0,343
ALG-SFO,-480.0,0.0,421
ALG-SGN,360.0,0.0,43
ALG-SIN,420.0,0.0,216
ALG-SVO,120.0,0.0,19
ALG-SYD,540.0,0.0,265
ALG-SZX,420.0,,1
ALG-TPE,420.0,0.0,9
ALG-VIE,60.0,0.0,299
ALG-YYZ,-300.0,0.0,446
ALG-ZRH,60.0,0.0,262
ATH-ADD,0.0,0.0,314
ATH-AEP,-360.0,0.0,737
ATH-ALG,-120.0,0.0,443
ATH-AMS,-60.0,0.0,1007
ATH-ARN,-60.0,0.0,813
ATH-ATL,-420.0,0.0,710
ATH-BKK,240.0,0.0,761
ATH-BLR,150.0,0.0,725
ATH-BOG,-480.0,0.0,808
ATH-BOM,150.0,0.0,704
ATH-BRU,-60.0,0.0,894
ATH-CAI,-60.0,0.0,719
ATH-CAN,300.0,0.0,3
ATH-CDG,-60.0,0.0,1011
ATH-CGK,240.0,0.0,382
ATH-CLT,-420.0,0.0,850
ATH-CMN,-143.31428571428572,29.273426152997576,525
ATH-CNF,-360.0,0.0,860
ATH-CPH,-60.0,0.0,906
ATH-CPT,-60.0,0.0,742
ATH-DEL,150.0,0.0,797
ATH-DME,0.0,0.0,112
ATH-DOH,0.0,0.0,380
ATH-DUB,-120.0,0.0,1055
ATH-DXB,60.0,0.0,470
ATH-FCO,-60.0,0.0,1032
ATH-FLL,-420.0,0.0,794
ATH-FRA,-60.0,0.0,921
ATH-GRU,-360.0,0.0,733
ATH-HND,360.0,0.0,419
ATH-IAH,-480.0,0.0,768
ATH-ICN,360.0,0.0,680
ATH-IST,0.0,0.0,739
ATH-JFK,-420.0,0.0,807
ATH-JNB,-60.0,0.0,600
ATH-KUL,300.0,0.0,471
ATH-LAX,-600.0,0.0,820
ATH-LGW,-120.0,0.0,702
ATH-LHR,-120.0,0.0,1111
ATH-LIM,-480.0,0.0,425
ATH-LIS,-120.0,0.0,1011
ATH-MAD,-60.0,0.0,1060
ATH-MAN,-120.0,0.0,987
ATH-MCO,-420.0,0.0,843
ATH-MEL,420.0,0.0,808
ATH-MEX,-480.0,0.0,727
ATH-MIA,-420.0,0.0,792
ATH-MNL,300.0,0.0,538
ATH-MUC,-60.0,0.0,945
ATH-MXP,-60.0,0.0,1135
ATH-NBO,0.0,0.0,561
ATH-NRT,360.0,0.0,310
ATH-ORD,-480.0,0.0,911
ATH-OSL,-60.0,0.0,913
ATH-PEK,300.0,0.0,2
ATH-PHX,-600.0,0.0,774
ATH-PTY,-480.0,0.0,654
ATH-PVG,300.0,,1
ATH-SAW,0.0,0.0,143
ATH-SCL,-420.0,0.0,463
ATH-SEA,-600.0,0.0,592
ATH-SFO,-600.0,0.0,849
ATH-SGN,240.0,0.0,360
ATH-SHA,300.0,0.0,12
ATH-SIN,300.0,0.0,584
ATH-SVO,0.0,0.0,72
ATH-SYD,420.0,0.0,886
ATH-TPE,300.0,0.0,205
ATH-VCP,-360.0,0.0,346
ATH-VIE,-60.0,0.0,914
ATH-YYZ,-420.0,0.0,962
ATH-ZRH,-60.0,0.0,974
BOG-ADD,480.0,0.0,108
BOG-AEP,120.0,0.0,344
BOG-ALG,360.0,0.0,314
BOG-AMS,420.0,0.0,625
BOG-ARN,420.0,0.0,645
BOG-ATH,480.0,0.0,627
BOG-ATL,60.0,0.0,716
BOG-BKK,720.0,0.0,536
BOG-BLR,630.0,0.0,427
BOG-BOM,630.0,0.0,560
BOG-BRU,420.0,0.0,744
BOG-CAI,420.0,0.0,651
BOG-CAN,780.0,0.0,104
BOG-CDG,420.0,0.0,701
BOG-CGK,720.0,0.0,206
BOG-CGO,780.0,0.0,12
BOG-CLT,60.0,0.0,731
BOG-CMN,345.4183266932271,25.786126168714194,251
BOG-CNF,120.0,0.0,753
BOG-CPH,420.0,0.0,644
BOG-CPT,420.0,0.0,524
BOG-CTU,780.0,0.0,16
BOG-DEL,630.0,0.0,611
BOG-DME,480.0,0.0,87
BOG-DOH,480.0,0.0,581
BOG-DUB,360.0,0.0,694
BOG-DXB,540.0,0.0,503
BOG-FCO,420.0,0.0,709
BOG-FLL,60.0,0.0,781
BOG-FRA,420.0,0.0,853
BOG-GRU,120.0,0.0,690
BOG-HGH,780.0,0.0,13
BOG-HND,840.0,0.0,528
BOG-IAH,0.0,0.0,1006
BOG-ICN,840.0,0.0,922
BOG-IST,480.0,0.0,464
BOG-JFK,60.0,0.0,995
BOG-JNB,420.0,0.0,481
BOG-KUL,780.0,0.0,305
BOG-LAX,-120.0,0.0,1009
BOG-LGW,360.0,0.0,513
BOG-LHR,360.0,0.0,791
BOG-LIM,0.0,0.0,888
BOG-LIS,360.0,0.0,648
BOG-MAD,420.0,0.0,906
BOG-MAN,360.0,0.0,569
BOG-MCO,60.0,0.0,862
BOG-MEL,900.0,0.0,711
BOG-MEX,0.0,0.0,1158
BOG-MIA,60.0,0.0,960
BOG-MNL,780.0,0.0,393
BOG-MUC,420.0,0.0,891
BOG-MXP,420.0,0.0,701
BOG-NBO,480.0,0.0,286
BOG-NRT,840.0,0.0,730
BOG-ORD,0.0,0.0,887
BOG-OSL,420.0,0.0,586
BOG-PEK,780.0,0.0,104
BOG-PHX,-120.0,0.0,772
BOG-PTY,0.0,0.0,614
BOG-PVG,780.0,0.0,124
BOG-SAW,480.0,0.0,295
BOG-SCL,60.0,0.0,759
BOG-SEA,-120.0,0.0,947
BOG-SFO,-120.0,0.0,889
BOG-SGN,720.0,0.0,441
BOG-SHA,780.0,0.0,168
BOG-SIN,780.0,0.0,502
BOG-SVO,480.0,0.0,64
BOG-SYD,900.0,0.0,573
BOG-SZX,780.0,0.0,10
BOG-TPE,780.0,0.0,404
BOG-VCP,120.0,0.0,274
BOG-VIE,420.0,0.0,745
BOG-XIY,780.0,0.0,7
BOG-YYZ,60.0,0.0,899
BOG-ZRH,420.0,0.0,782
BOM-ADD,-150.0,0.0,167
BOM-AEP,-510.0,0.0,694
BOM-ALG,-270.0,0.0,259
BOM-BKK,90.0,0.0,423
BOM-CDG,-210.0,0.0,795
BOM-CMN,-285.39130434782606,26.259935329917028,230
BOM-CNF,-510.0,0.0,273
BOM-CPH,-210.0,0.0,766
BOM-DEL,0.0,0.0,2090
BOM-DUB,-270.0,0.0,791
BOM-GRU,-510.0,0.0,567
BOM-HGH,150.0,0.0,13
BOM-JNB,-210.0,0.0,446
BOM-LIS,-270.0,0.0,680
BOM-MAD,-210.0,0.0,757
BOM-MEL,270.0,0.0,923
BOM-MUC,-210.0,0.0,787
BOM-MXP,-210.0,0.0,841
BOM-NBO,-150.0,0.0,668
BOM-PTY,-630.0,0.0,365
BOM-SCL,-570.0,0.0,383
BOM-SHA,150.0,0.0,16
BOM-SVO,-150.0,0.0,290
BOM-SYD,270.0,0.0,32
BOM-SZX,150.0,0.0,25
BOM-VIE,-210.0,0.0,824
BOM-XIY,150.0,0.0,6
BOM-YYZ,-570.0,0.0,888
BRU-ADD,60.0,0.0,417
BRU-AEP,-300.0,0.0,630
BRU-ALG,-60.0,0.0,383
BRU-AMS,0.0,0.0,753
BRU-ARN,0.0,0.0,994
BRU-ATH,60.0,0.0,882
BRU-ATL,-360.0,0.0,682
BRU-BKK,300.0,0.0,750
BRU-BLR,210.0,0.0,1178
BRU-BOG,-420.0,0.0,822
BRU-BOM,210.0,0.0,881
BRU-CAI,0.0,0.0,775
BRU-CAN,360.0,0.0,3
BRU-CDG,0.0,0.0,1012
BRU-CGK,300.0,0.0,546
BRU-CLT,-360.0,0.0,673
BRU-CMN,-85.84415584415585,29.742961734050397,462
BRU-CNF,-300.0,0.0,981
BRU-CPH,0.0,0.0,947
BRU-CPT,0.0,0.0,777
BRU-CTU,360.0,,1
BRU-DEL,210.0,0.0,697
BRU-DME,60.0,0.0,242
BRU-DOH,60.0,0.0,655
BRU-DUB,-60.0,0.0,900
BRU-DXB,120.0,0.0,625
BRU-FCO,0.0,0.0,1176
BRU-FLL,-360.0,0.0,752
BRU-FRA,0.0,0.0,871
BRU-GRU,-300.0,0.0,751
BRU-HND,420.0,0.0,393
BRU-IAH,-420.0,0.0,783
BRU-ICN,420.0,0.0,635
BRU-IST,60.0,0.0,643
BRU-JFK,-360.0,0.0,674
BRU-JNB,0.0,0.0,548
BRU-KUL,360.0,0.0,536
BRU-LAX,-540.0,0.0,861
BRU-LGW,-60.0,0.0,732
BRU-LHR,-60.0,0.0,1051
BRU-LIM,-420.0,0.0,622
BRU-LIS,-60.0,0.0,955
BRU-MAD,0.0,0.0,909
BRU-MAN,-60.0,0.0,867
BRU-MCO,-360.0,0.0,810
BRU-MEL,480.0,0.0,687
BRU-MEX,-420.0,0.0,739
BRU-MIA,-360.0,0.0,728
BRU-MNL,360.0,0.0,602
BRU-MUC,0.0,0.0,995
BRU-MXP,0.0,0.0,992
BRU-NBO,60.0,0.0,662
BRU-NRT,420.0,0.0,335
BRU-ORD,-420.0,0.0,823
BRU-OSL,0.0,0.0,843
BRU-PEK,360.0,0.0,34
BRU-PHX,-540.0,0.0,747
BRU-PTY,-420.0,0.0,694
BRU-PVG,360.0,0.0,29
BRU-SAW,60.0,0.0,75
BRU-SCL,-360.0,0.0,555
BRU-SEA,-540.0,0.0,623
BRU-SFO,-540.0,0.0,882
BRU-SGN,300.0,0.0,508
BRU-SHA,360.0,0.0,39
BRU-SIN,360.0,0.0,717
BRU-SVO,60.0,0.0,61
BRU-SYD,480.0,0.0,903
BRU-SZX,360.0,,1
BRU-TPE,360.0,0.0,313
BRU-VCP,-300.0,0.0,348
BRU-VIE,0.0,0.0,877
BRU-XIY,360.0,0.0,5
BRU-YYZ,-360.0,0.0,791
BRU-ZRH,0.0,0.0,931
CAI-ADD,60.0,0.0,417
CAI-AEP,-300.0,0.0,669
CAI-ALG,-60.0,0.0,437
CAI-AMS,0.0,0.0,787
CAI-ARN,0.0,0.0,775
CAI-ATH,60.0,0.0,648
CAI-ATL,-360.0,0.0,583
CAI-BKK,300.0,0.0,488
CAI-BLR,210.0,0.0,527
CAI-BOG,-420.0,0.0,672
CAI-BOM,210.0,0.0,631
CAI-BRU,0.0,0.0,757
CAI-CAN,360.0,0.0,14
CAI-CDG,0.0,0.0,865
CAI-CGK,300.0,0.0,595
CAI-CGO,360.0,0.0,16
CAI-CLT,-360.0,0.0,676
CAI-CMN,-73.92265193370166,25.36327935741299,362
CAI-CNF,-300.0,0.0,693
CAI-CPH,0.0,0.0,787
CAI-CPT,0.0,0.0,524
CAI-CTU,360.0,,1
CAI-DEL,210.0,0.0,727
CAI-DME,60.0,0.0,76
CAI-DOH,60.0,0.0,575
CAI-DUB,-60.0,0.0,694
CAI-DXB,120.0,0.0,947
CAI-FCO,0.0,0.0,851
CAI-FLL,-360.0,0.0,682
CAI-FRA,0.0,0.0,858
CAI-GRU,-300.0,0.0,621
CAI-HGH,360.0,0.0,15
CAI-HND,420.0,0.0,470
CAI-IAH,-420.0,0.0,761
CAI-ICN,420.0,0.0,391
CAI-IST,60.0,0.0,807
CAI-JFK,-360.0,0.0,730
CAI-JNB,0.0,0.0,549
CAI-KUL,360.0,0.0,588
CAI-LAX,-540.0,0.0,764
CAI-LGW,-60.0,0.0,649
CAI-LHR,-60.0,0.0,1002
CAI-LIM,-420.0,0.0,344
CAI-LIS,-60.0,0.0,762
CAI-MAD,0.0,0.0,772
CAI-MAN,-60.0,0.0,706
CAI-MCO,-360.0,0.0,656
CAI-MEL,480.0,0.0,955
CAI-MEX,-420.0,0.0,598
CAI-MIA,-360.0,0.0,608
CAI-MNL,360.0,0.0,443
CAI-MUC,0.0,0.0,808
CAI-MXP,0.0,0.0,866
CAI-NBO,60.0,0.0,625
CAI-NRT,420.0,0.0,345
CAI-ORD,-420.0,0.0,763
CAI-OSL,0.0,0.0,771
CAI-PEK,360.0,0.0,5
CAI-PHX,-540.0,0.0,626
CAI-PTY,-420.0,0.0,576
CAI-PVG,360.0,0.0,8
CAI-SAW,60.0,0.0,102
CAI-SCL,-360.0,0.0,332
CAI-SEA,-540.0,0.0,554
CAI-SFO,-540.0,0.0,708
CAI-SGN,300.0,0.0,219
CAI-SHA,360.0,0.0,20
CAI-SIN,360.0,0.0,482
CAI-SVO,60.0,0.0,347
CAI-SYD,480.0,0.0,898
CAI-SZX,360.0,0.0,10
CAI-TPE,360.0,0.0,246
CAI-VCP,-300.0,0.0,23
CAI-VIE,0.0,0.0,808
CAI-XIY,360.0,0.0,13
CAI-YYZ,-360.0,0.0,787
CAI-ZRH,0.0,0.0,863
CAN-ADD,-300.0,0.0,15
CAN-AEP,-660.0,0.0,67
CAN-ALG,-420.0,0.0,28
CAN-AMS,-360.0,0.0,243
CAN-ARN,-360.0,0.0,112
CAN-ATH,-300.0,0.0,176
CAN-ATL,-720.0,0.0,309
CAN-BKK,-60.0,0.0,256
CAN-BLR,-150.0,0.0,273
CAN-BOG,-780.0,0.0,395
CAN-BOM,-150.0,0.0,251
CAN-BRU,-360.0,0.0,329
CAN-CAI,-360.0,0.0,77
CAN-CDG,-360.0,0.0,333
CAN-CGK,-60.0,0.0,299
CAN-CGO,0.0,0.0,24
CAN-CLT,-720.0,0.0,245
CAN-CMN,-431.16279069767444,23.624976928744744,43
CAN-CNF,-660.0,0.0,28
CAN-CPH,-360.0,0.0,176
CAN-CPT,-360.0,0.0,95
CAN-CTU,0.0,0.0,256
CAN-DEL,-150.0,0.0,278
CAN-DME,-300.0,0.0,22
CAN-DOH,-300.0,0.0,49
CAN-DUB,-420.0,0.0,176
CAN-DXB,-240.0,0.0,71
CAN-FCO,-360.0,0.0,119
CAN-FLL,-720.0,0.0,265
CAN-FRA,-360.0,0.0,291
CAN-GRU,-660.0,0.0,174
CAN-HGH,0.0,0.0,570
CAN-HND,60.0,0.0,353
CAN-IAH,-780.0,0.0,460
CAN-ICN,60.0,0.0,199
CAN-IST,-300.0,0.0,162
CAN-JFK,-720.0,0.0,336
CAN-JNB,-360.0,0.0,39
CAN-KUL,0.0,0.0,223
CAN-LAX,-900.0,0.0,199
CAN-LGW,-420.0,0.0,196
CAN-LHR,-420.0,0.0,502
CAN-LIM,-780.0,0.0,162
CAN-LIS,-420.0,0.0,225
CAN-MAD,-360.0,0.0,228
CAN-MAN,-420.0,0.0,303
CAN-MCO,-720.0,0.0,231
CAN-MEL,120.0,0.0,493
CAN-MEX,-780.0,0.0,385
CAN-MIA,-720.0,0.0,271
CAN-MNL,0.0,0.0,226
CAN-MUC,-360.0,0.0,302
CAN-MXP,-360.0,0.0,231
CAN-NBO,-300.0,0.0,247
CAN-NRT,60.0,0.0,447
CAN-ORD,-780.0,0.0,423
CAN-OSL,-360.0,0.0,134
CAN-PEK,0.0,0.0,24
CAN-PHX,-900.0,0.0,204
CAN-PTY,-780.0,0.0,350
CAN-PVG,0.0,0.0,229
CAN-SAW,-300.0,0.0,12
CAN-SCL,-720.0,0.0,212
CAN-SEA,-900.0,0.0,301
CAN-SFO,-900.0,0.0,441
CAN-SGN,-60.0,0.0,53
CAN-SHA,0.0,0.0,230
CAN-SIN,0.0,0.0,297
CAN-SVO,-300.0,0.0,19
CAN-SYD,120.0,0.0,485
CAN-SZX,0.0,0.0,251
CAN-TPE,0.0,0.0,182
CAN-VCP,-660.0,0.0,7
CAN-VIE,-360.0,0.0,172
CAN-XIY,0.0,0.0,72
CAN-YYZ,-720.0,0.0,318
CAN-ZRH,-360.0,0.0,201
CDG-ADD,60.0,0.0,468
CDG-AEP,-300.0,0.0,601
CDG-ALG,-60.0,0.0,617
CDG-AMS,0.0,0.0,1157
CDG-ARN,0.0,0.0,751
CDG-ATH,60.0,0.0,1111
CDG-ATL,-360.0,0.0,616
CDG-BKK,300.0,0.0,817
CDG-BLR,210.0,0.0,1064
CDG-BOG,-420.0,0.0,824
CDG-BOM,210.0,0.0,966
CDG-BRU,0.0,0.0,999
CDG-CAI,0.0,0.0,917
CDG-CAN,360.0,0.0,54
CDG-CGK,300.0,0.0,582
CDG-CGO,360.0,0.0,12
CDG-CLT,-360.0,0.0,800
CDG-CMN,-82.08955223880596,28.974353442397934,402
CDG-CNF,-300.0,0.0,720
CDG-CPH,0.0,0.0,1152
CDG-CPT,0.0,0.0,696
CDG-CTU,360.0,0.0,32
CDG-DEL,210.0,0.0,814
CDG-DME,60.0,0.0,194
CDG-DOH,60.0,0.0,766
CDG-DUB,-60.0,0.0,899
CDG-DXB,120.0,0.0,802
CDG-FCO,0.0,0.0,1158
CDG-FLL,-360.0,0.0,781
CDG-FRA,0.0,0.0,1028
CDG-GRU,-300.0,0.0,743
CDG-HGH,360.0,0.0,17
CDG-HND,420.0,0.0,453
CDG-IAH,-420.0,0.0,828
CDG-ICN,420.0,0.0,624
CDG-IST,60.0,0.0,692
CDG-JFK,-360.0,0.0,774
CDG-JNB,0.0,0.0,720
CDG-KUL,360.0,0.0,588
CDG-LAX,-540.0,0.0,863
CDG-LGW,-60.0,0.0,666
CDG-LHR,-60.0,0.0,1129
CDG-LIM,-420.0,0.0,644
CDG-LIS,-60.0,0.0,1056
CDG-MAD,0.0,0.0,1024
CDG-MAN,-60.0,0.0,987
CDG-MCO,-360.0,0.0,881
CDG-MEL,480.0,0.0,784
CDG-MEX,-420.0,0.0,804
CDG-MIA,-360.0,0.0,785
CDG-MNL,360.0,0.0,600
CDG-MUC,0.0,0.0,1054
CDG-MXP,0.0,0.0,1138
CDG-NBO,60.0,0.0,632
CDG-NRT,420.0,0.0,362
CDG-ORD,-420.0,0.0,838
CDG-OSL,0.0,0.0,960
CDG-PEK,360.0,0.0,65
CDG-PHX,-540.0,0.0,871
CDG-PTY,-420.0,0.0,631
CDG-PVG,360.0,0.0,75
CDG-SAW,60.0,0.0,129
CDG-SCL,-360.0,0.0,674
CDG-SEA,-540.0,0.0,583
CDG-SFO,-540.0,0.0,888
CDG-SGN,300.0,0.0,428
CDG-SHA,360.0,0.0,98
CDG-SIN,360.0,0.0,828
CDG-SVO,60.0,0.0,144
CDG-SYD,480.0,0.0,908
CDG-SZX,360.0,0.0,5
CDG-TPE,360.0,0.0,356
CDG-VCP,-300.0,0.0,40
CDG-VIE,0.0,0.0,1049
CDG-XIY,360.0,0.0,2
CDG-YYZ,-360.0,0.0,961
CDG-ZRH,0.0,0.0,1159
CGO-ADD,-300.0,0.0,5
CGO-AEP,-660.0,0.0,11
CGO-ALG,-420.0,0.0,28
CGO-AMS,-360.0,0.0,26
CGO-ARN,-360.0,0.0,73
CGO-ATH,-300.0,0.0,27
CGO-ATL,-720.0,0.0,182
CGO-BKK,-60.0,0.0,345
CGO-BLR,-150.0,0.0,19
CGO-BOG,-780.0,0.0,19
CGO-BOM,-150.0,0.0,16
CGO-BRU,-360.0,0.0,51
CGO-CAI,-360.0,0.0,36
CGO-CAN,0.0,0.0,254
CGO-CDG,-360.0,0.0,139
CGO-CGK,-60.0,0.0,135
CGO-CLT,-720.0,0.0,65
CGO-CMN,-420.0,0.0,15
CGO-CNF,-660.0,,1
CGO-CPH,-360.0,0.0,30
CGO-CPT,-360.0,0.0,3
CGO-CTU,0.0,0.0,244
CGO-DEL,-150.0,0.0,129
CGO-DME,-300.0,0.0,11
CGO-DOH,-300.0,0.0,43
CGO-DUB,-420.0,0.0,59
CGO-DXB,-240.0,0.0,21
CGO-FCO,-360.0,0.0,27
CGO-FLL,-720.0,0.0,55
CGO-FRA,-360.0,0.0,105
CGO-GRU,-660.0,0.0,8
CGO-HGH,0.0,0.0,258
CGO-HND,60.0,0.0,85
CGO-IAH,-780.0,0.0,92
CGO-ICN,60.0,0.0,33
CGO-IST,-300.0,0.0,9
CGO-JFK,-720.0,0.0,325
CGO-JNB,-360.0,0.0,4
CGO-KUL,0.0,0.0,234
CGO-LAX,-900.0,0.0,223
CGO-LGW,-420.0,0.0,72
CGO-LHR,-420.0,0.0,224
CGO-LIM,-780.0,0.0,15
CGO-LIS,-420.0,0.0,14
CGO-MAD,-360.0,0.0,68
CGO-MAN,-420.0,0.0,89
CGO-MCO,-720.0,0.0,29
CGO-MEL,120.0,0.0,360
CGO-MEX,-780.0,0.0,27
CGO-MIA,-720.0,0.0,43
CGO-MNL,0.0,0.0,57
CGO-MUC,-360.0,0.0,41
CGO-MXP,-360.0,0.0,190
CGO-NBO,-300.0,0.0,29
CGO-NRT,60.0,0.0,318
CGO-ORD,-780.0,0.0,129
CGO-OSL,-360.0,0.0,44
CGO-PEK,0.0,0.0,166
CGO-PHX,-900.0,0.0,38
CGO-PTY,-780.0,0.0,11
CGO-PVG,0.0,0.0,432
CGO-SAW,-300.0,,1
CGO-SCL,-720.0,0.0,16
CGO-SEA,-900.0,0.0,124
CGO-SFO,-900.0,0.0,212
CGO-SGN,-60.0,0.0,96
CGO-SHA,0.0,0.0,464
CGO-SIN,0.0,0.0,356
CGO-SVO,-300.0,0.0,2
CGO-SYD,120.0,0.0,271
CGO-SZX,0.0,0.0,515
CGO-TPE,0.0,0.0,187
CGO-VIE,-360.0,0.0,74
CGO-XIY,0.0,0.0,124
CGO-YYZ,-720.0,0.0,183
CGO-ZRH,-360.0,0.0,65
CNF-ADD,360.0,0.0,42
CNF-AEP,0.0,0.0,613
CNF-ALG,240.0,0.0,17
CNF-AMS,300.0,0.0,388
CNF-ARN,300.0,0.0,339
CNF-ATH,360.0,0.0,366
CNF-ATL,-60.0,0.0,462
CNF-BKK,600.0,0.0,280
CNF-BLR,510.0,0.0,79
CNF-BOG,-120.0,0.0,517
CNF-BOM,510.0,0.0,245
CNF-BRU,300.0,0.0,559
CNF-CAI,300.0,0.0,340
CNF-CDG,300.0,0.0,461
CNF-CGK,600.0,0.0,205
CNF-CLT,-60.0,0.0,479
CNF-CMN,218.29787234042553,28.906572643136396,188
CNF-CPH,300.0,0.0,470
CNF-CPT,300.0,0.0,109
CNF-DEL,510.0,0.0,367
CNF-DME,360.0,0.0,68
CNF-DOH,360.0,0.0,451
CNF-DUB,240.0,0.0,506
CNF-DXB,420.0,0.0,306
CNF-FCO,300.0,0.0,561
CNF-FLL,-60.0,0.0,644
CNF-FRA,300.0,0.0,690
CNF-GRU,0.0,0.0,1005
CNF-HGH,660.0,,1
CNF-HND,720.0,0.0,503
CNF-IAH,-120.0,0.0,639
CNF-ICN,720.0,0.0,500
CNF-IST,360.0,0.0,172
CNF-JFK,-60.0,0.0,722
CNF-JNB,300.0,0.0,179
CNF-KUL,660.0,0.0,132
CNF-LAX,-240.0,0.0,758
CNF-LGW,240.0,0.0,516
CNF-LHR,240.0,0.0,645
CNF-LIM,-120.0,0.0,988
CNF-LIS,240.0,0.0,577
CNF-MAD,300.0,0.0,544
CNF-MAN,240.0,0.0,484
CNF-MCO,-60.0,0.0,674
CNF-MEL,780.0,0.0,131
CNF-MEX,-120.0,0.0,814
CNF-MIA,-60.0,0.0,779
CNF-MNL,660.0,0.0,215
CNF-MUC,300.0,0.0,456
CNF-MXP,300.0,0.0,621
CNF-NBO,360.0,0.0,76
CNF-NRT,720.0,0.0,586
CNF-ORD,-120.0,0.0,735
CNF-OSL,300.0,0.0,369
CNF-PHX,-240.0,0.0,552
CNF-PTY,-120.0,0.0,162
CNF-SAW,360.0,0.0,74
CNF-SCL,-60.0,0.0,1099
CNF-SEA,-240.0,0.0,601
CNF-SFO,-240.0,0.0,750
CNF-SGN,600.0,0.0,113
CNF-SHA,660.0,0.0,9
CNF-SIN,660.0,0.0,343
CNF-SVO,360.0,0.0,171
CNF-SYD,780.0,0.0,440
CNF-SZX,660.0,0.0,4
CNF-TPE,660.0,0.0,20
CNF-VCP,0.0,0.0,434
CNF-VIE,300.0,0.0,454
CNF-YYZ,-60.0,0.0,798
CNF-ZRH,300.0,0.0,623
CPH-ADD,60.0,0.0,438
CPH-AEP,-300.0,0.0,808
CPH-ALG,-60.0,0.0,490
CPH-AMS,0.0,0.0,1175
CPH-ARN,0.0,0.0,1127
CPH-ATH,60.0,0.0,979
CPH-ATL,-360.0,0.0,800
CPH-BKK,300.0,0.0,783
CPH-BLR,210.0,0.0,1115
CPH-BOG,-420.0,0.0,787
CPH-BOM,210.0,0.0,979
CPH-BRU,0.0,0.0,1014
CPH-CAI,0.0,0.0,856
CPH-CAN,360.0,0.0,5
CPH-CDG,0.0,0.0,1100
CPH-CGK,300.0,0.0,470
CPH-CLT,-360.0,0.0,834
CPH-CMN,-86.22950819672131,29.802855490269806,366
CPH-CNF,-300.0,0.0,839
CPH-CPT,0.0,0.0,790
CPH-DEL,210.0,0.0,840
CPH-DME,60.0,0.0,168
CPH-DOH,60.0,0.0,620
CPH-DUB,-60.0,0.0,1153
CPH-DXB,120.0,0.0,628
CPH-FCO,0.0,0.0,1198
CPH-FLL,-360.0,0.0,906
CPH-FRA,0.0,0.0,1055
CPH-GRU,-300.0,0.0,764
CPH-HGH,360.0,0.0,3
CPH-HND,420.0,0.0,442
CPH-IAH,-420.0,0.0,957
CPH-ICN,420.0,0.0,691
CPH-IST,60.0,0.0,843
CPH-JFK,-360.0,0.0,760
CPH-JNB,0.0,0.0,666
CPH-KUL,360.0,0.0,518
CPH-LAX,-540.0,0.0,898
CPH-LGW,-60.0,0.0,960
CPH-LHR,-60.0,0.0,1185
CPH-LIM,-420.0,0.0,614
CPH-LIS,-60.0,0.0,988
CPH-MAD,0.0,0.0,945
CPH-MAN,-60.0,0.0,1041
CPH-MCO,-360.0,0.0,852
CPH-MEL,480.0,0.0,757
CPH-MEX,-420.0,0.0,846
CPH-MIA,-360.0,0.0,834
CPH-MNL,360.0,0.0,632
CPH-MUC,0.0,0.0,1113
CPH-MXP,0.0,0.0,1064
CPH-NBO,60.0,0.0,687
CPH-NRT,420.0,0.0,425
CPH-ORD,-420.0,0.0,852
CPH-OSL,0.0,0.0,1144
CPH-PEK,360.0,0.0,18
CPH-PHX,-540.0,0.0,885
CPH-PTY,-420.0,0.0,520
CPH-PVG,360.0,0.0,20
CPH-SAW,60.0,0.0,597
CPH-SCL,-360.0,0.0,662
CPH-SEA,-540.0,0.0,582
CPH-SFO,-540.0,0.0,861
CPH-SGN,300.0,0.0,529
CPH-SHA,360.0,0.0,29
CPH-SIN,360.0,0.0,783
CPH-SVO,60.0,0.0,183
CPH-SYD,480.0,0.0,930
CPH-SZX,360.0,0.0,3
CPH-TPE,360.0,0.0,210
CPH-VCP,-300.0,0.0,148
CPH-VIE,0.0,0.0,953
CPH-XIY,360.0,0.0,4
CPH-YYZ,-360.0,0.0,964
CPH-ZRH,0.0,0.0,1060
CTU-ADD,-300.0,0.0,6
CTU-AEP,-660.0,0.0,20
CTU-ALG,-420.0,0.0,140
CTU-AMS,-360.0,0.0,149
CTU-ARN,-360.0,0.0,82
CTU-ATH,-300.0,0.0,78
CTU-ATL,-720.0,0.0,310
CTU-BKK,-60.0,0.0,390
CTU-BLR,-150.0,0.0,98
CTU-BOG,-780.0,0.0,54
CTU-BOM,-150.0,0.0,190
CTU-BRU,-360.0,0.0,229
CTU-CAI,-360.0,0.0,101
CTU-CAN,0.0,0.0,254
CTU-CDG,-360.0,0.0,337
CTU-CGK,-60.0,0.0,296
CTU-CGO,0.0,0.0,21
CTU-CLT,-720.0,0.0,146
CTU-CMN,-427.741935483871,20.44662603289431,31
CTU-CNF,-660.0,0.0,11
CTU-CPH,-360.0,0.0,155
CTU-CPT,-360.0,0.0,25
CTU-DEL,-150.0,0.0,170
CTU-DME,-300.0,0.0,6
CTU-DOH,-300.0,0.0,67
CTU-DUB,-420.0,0.0,165
CTU-DXB,-240.0,0.0,22
CTU-FCO,-360.0,0.0,128
CTU-FLL,-720.0,0.0,296
CTU-FRA,-360.0,0.0,426
CTU-GRU,-660.0,0.0,139
CTU-HGH,0.0,0.0,27
CTU-HND,60.0,0.0,224
CTU-IAH,-780.0,0.0,500
CTU-ICN,60.0,0.0,112
CTU-IST,-300.0,0.0,17
CTU-JFK,-720.0,0.0,468
CTU-JNB,-360.0,0.0,14
CTU-KUL,0.0,0.0,344
CTU-LAX,-900.0,0.0,399
CTU-LGW,-420.0,0.0,127
CTU-LHR,-420.0,0.0,358
CTU-LIM,-780.0,0.0,41
CTU-LIS,-420.0,0.0,186
CTU-MAD,-360.0,0.0,146
CTU-MAN,-420.0,0.0,184
CTU-MCO,-720.0,0.0,345
CTU-MEL,120.0,0.0,280
CTU-MEX,-780.0,0.0,357
CTU-MIA,-720.0,0.0,304
CTU-MNL,0.0,0.0,317
CTU-MUC,-360.0,0.0,172
CTU-MXP,-360.0,0.0,101
CTU-NBO,-300.0,0.0,35
CTU-NRT,60.0,0.0,348
CTU-ORD,-780.0,0.0,484
CTU-OSL,-360.0,0.0,31
CTU-PEK,0.0,0.0,27
CTU-PHX,-900.0,0.0,299
CTU-PTY,-780.0,0.0,39
CTU-PVG,0.0,0.0,71
CTU-SAW,-300.0,0.0,7
CTU-SCL,-720.0,0.0,30
CTU-SEA,-900.0,0.0,360
CTU-SFO,-900.0,0.0,465
CTU-SGN,-60.0,0.0,128
CTU-SHA,0.0,0.0,121
CTU-SIN,0.0,0.0,378
CTU-SVO,-300.0,0.0,2
CTU-SYD,120.0,0.0,371
CTU-SZX,0.0,0.0,552
CTU-TPE,0.0,0.0,172
CTU-VCP,-660.0,0.0,3
CTU-VIE,-360.0,0.0,137
CTU-XIY,0.0,0.0,198
CTU-YYZ,-720.0,0.0,373
CTU-ZRH,-360.0,0.0,138
DEL-ADD,-150.0,0.0,163
DEL-AEP,-510.0,0.0,592
DEL-ALG,-270.0,0.0,366
DEL-AMS,-210.0,0.0,782
DEL-ARN,-210.0,0.0,625
DEL-ATH,-150.0,0.0,596
DEL-ATL,-570.0,0.0,600
DEL-BKK,90.0,0.0,921
DEL-BLR,0.0,0.0,2087
DEL-BOG,-630.0,0.0,702
DEL-BOM,0.0,0.0,2004
DEL-BRU,-210.0,0.0,696
DEL-CAI,-210.0,0.0,803
DEL-CAN,150.0,0.0,11
DEL-CDG,-210.0,0.0,749
DEL-CGK,90.0,0.0,877
DEL-CGO,150.0,,1
DEL-CLT,-570.0,0.0,708
DEL-CMN,-285.8744394618834,26.52590814987067,223
DEL-CNF,-510.0,0.0,488
DEL-CPH,-210.0,0.0,704
DEL-CPT,-210.0,0.0,274
DEL-CTU,150.0,,1
DEL-DME,-150.0,0.0,340
DEL-DOH,-150.0,0.0,685
DEL-DUB,-270.0,0.0,755
DEL-DXB,-90.0,0.0,1593
DEL-FCO,-210.0,0.0,894
DEL-FLL,-570.0,0.0,661
DEL-FRA,-210.0,0.0,869
DEL-GRU,-510.0,0.0,590
DEL-HGH,150.0,0.0,7
DEL-HND,210.0,0.0,526
DEL-IAH,-630.0,0.0,683
DEL-ICN,210.0,0.0,545
DEL-IST,-150.0,0.0,644
DEL-JFK,-570.0,0.0,703
DEL-JNB,-210.0,0.0,523
DEL-KUL,150.0,0.0,928
DEL-LAX,-750.0,0.0,710
DEL-LGW,-270.0,0.0,513
DEL-LHR,-270.0,0.0,930
DEL-LIM,-630.0,0.0,454
DEL-LIS,-270.0,0.0,563
DEL-MAD,-210.0,0.0,715
DEL-MAN,-270.0,0.0,877
DEL-MCO,-570.0,0.0,663
DEL-MEL,270.0,0.0,895
DEL-MEX,-630.0,0.0,640
DEL-MIA,-570.0,0.0,666
DEL-MNL,150.0,0.0,861
DEL-MUC,-210.0,0.0,756
DEL-MXP,-210.0,0.0,845
DEL-NBO,-150.0,0.0,718
DEL-NRT,210.0,0.0,558
DEL-ORD,-630.0,0.0,806
DEL-OSL,-210.0,0.0,555
DEL-PEK,150.0,0.0,4
DEL-PHX,-750.0,0.0,626
DEL-PTY,-630.0,0.0,258
DEL-PVG,150.0,0.0,30
DEL-SAW,-150.0,0.0,146
DEL-SCL,-570.0,0.0,428
DEL-SEA,-750.0,0.0,532
DEL-SFO,-750.0,0.0,736
DEL-SGN,90.0,0.0,739
DEL-SHA,150.0,0.0,52
DEL-SIN,150.0,0.0,1170
DEL-SVO,-150.0,0.0,374
DEL-SYD,270.0,0.0,963
DEL-SZX,150.0,0.0,20
DEL-TPE,150.0,0.0,475
DEL-VCP,-510.0,0.0,30
DEL-VIE,-210.0,0.0,766
DEL-XIY,150.0,0.0,3
DEL-YYZ,-570.0,0.0,860
DEL-ZRH,-210.0,0.0,711
DUB-ADD,120.0,0.0,266
DUB-AEP,-240.0,0.0,748
DUB-ALG,0.0,0.0,465
DUB-AMS,60.0,0.0,996
DUB-ARN,60.0,0.0,876
DUB-ATH,120.0,0.0,953
DUB-ATL,-300.0,0.0,624
DUB-BKK,360.0,0.0,749
DUB-BLR,270.0,0.0,1131
DUB-BOG,-360.0,0.0,635
DUB-BOM,270.0,0.0,945
DUB-BRU,60.0,0.0,959
DUB-CAI,60.0,0.0,673
DUB-CAN,420.0,0.0,2
DUB-CDG,60.0,0.0,982
DUB-CGK,360.0,0.0,434
DUB-CLT,-300.0,0.0,851
DUB-CMN,-22.6875,29.140710946762415,320
DUB-CNF,-240.0,0.0,797
DUB-CPH,60.0,0.0,914
DUB-CPT,60.0,0.0,636
DUB-DEL,270.0,0.0,859
DUB-DME,120.0,0.0,104
DUB-DOH,120.0,0.0,1027
DUB-DXB,180.0,0.0,654
DUB-FCO,60.0,0.0,867
DUB-FLL,-300.0,0.0,777
DUB-FRA,60.0,0.0,992
DUB-GRU,-240.0,0.0,735
DUB-HND,480.0,0.0,490
DUB-IAH,-360.0,0.0,810
DUB-ICN,480.0,0.0,697
DUB-IST,120.0,0.0,549
DUB-JFK,-300.0,0.0,575
DUB-JNB,60.0,0.0,553
DUB-KUL,420.0,0.0,606
DUB-LAX,-480.0,0.0,765
DUB-LGW,0.0,0.0,725
DUB-LHR,0.0,0.0,1018
DUB-LIM,-360.0,0.0,555
DUB-LIS,0.0,0.0,947
DUB-MAD,60.0,0.0,886
DUB-MAN,0.0,0.0,1043
DUB-MCO,-300.0,0.0,765
DUB-MEL,540.0,0.0,865
DUB-MEX,-360.0,0.0,893
DUB-MIA,-300.0,0.0,701
DUB-MNL,420.0,0.0,553
DUB-MUC,60.0,0.0,1033
DUB-MXP,60.0,0.0,1077
DUB-NBO,120.0,0.0,553
DUB-NRT,480.0,0.0,523
DUB-ORD,-360.0,0.0,734
DUB-OSL,60.0,0.0,765
DUB-PEK,420.0,0.0,12
DUB-PHX,-480.0,0.0,771
DUB-PTY,-360.0,0.0,547
DUB-PVG,420.0,0.0,19
DUB-SAW,120.0,0.0,50
DUB-SCL,-300.0,0.0,555
DUB-SEA,-480.0,0.0,574
DUB-SFO,-480.0,0.0,761
DUB-SGN,360.0,0.0,555
DUB-SHA,420.0,0.0,18
DUB-SIN,420.0,0.0,808
DUB-SVO,120.0,0.0,103
DUB-SYD,540.0,0.0,964
DUB-SZX,420.0,0.0,4
DUB-TPE,420.0,0.0,298
DUB-VCP,-240.0,0.0,277
DUB-VIE,60.0,0.0,882
DUB-XIY,420.0,,1
DUB-YYZ,-300.0,0.0,750
DUB-ZRH,60.0,0.0,1033
FRA-ADD,60.0,0.0,493
FRA-AEP,-300.0,0.0,779
FRA-ALG,-60.0,0.0,440
FRA-AMS,0.0,0.0,925
FRA-ARN,0.0,0.0,984
FRA-ATH,60.0,0.0,922
FRA-ATL,-360.0,0.0,721
FRA-BKK,300.0,0.0,761
FRA-BLR,210.0,0.0,1047
FRA-BOG,-420.0,0.0,800
FRA-BOM,210.0,0.0,934
FRA-BRU,0.0,0.0,1014
FRA-CAI,0.0,0.0,843
FRA-CAN,360.0,0.0,6
FRA-CDG,0.0,0.0,1056
FRA-CGK,300.0,0.0,638
FRA-CLT,-360.0,0.0,890
FRA-CMN,-79.45945945945945,28.1507846217404,222
FRA-CNF,-300.0,0.0,1177
FRA-CPH,0.0,0.0,1036
FRA-CPT,0.0,0.0,663
FRA-CTU,360.0,0.0,12
FRA-DEL,210.0,0.0,906
FRA-DME,60.0,0.0,401
FRA-DOH,60.0,0.0,736
FRA-DUB,-60.0,0.0,875
FRA-DXB,120.0,0.0,746
FRA-FCO,0.0,0.0,1260
FRA-FLL,-360.0,0.0,898
FRA-GRU,-300.0,0.0,747
FRA-HGH,360.0,0.0,27
FRA-HND,420.0,0.0,354
FRA-IAH,-420.0,0.0,1004
FRA-ICN,420.0,0.0,670
FRA-IST,60.0,0.0,687
FRA-JFK,-360.0,0.0,716
FRA-JNB,0.0,0.0,627
FRA-KUL,360.0,0.0,705
FRA-LAX,-540.0,0.0,1020
FRA-LGW,-60.0,0.0,495
FRA-LHR,-60.0,0.0,1119
FRA-LIM,-420.0,0.0,682
FRA-LIS,-60.0,0.0,933
FRA-MAD,0.0,0.0,767
FRA-MAN,-60.0,0.0,856
FRA-MCO,-360.0,0.0,940
FRA-MEL,480.0,0.0,715
FRA-MEX,-420.0,0.0,1007
FRA-MIA,-360.0,0.0,839
FRA-MNL,360.0,0.0,688
FRA-MUC,0.0,0.0,1211
FRA-MXP,0.0,0.0,1135
FRA-NBO,60.0,0.0,552
FRA-NRT,420.0,0.0,413
FRA-ORD,-420.0,0.0,866
FRA-OSL,0.0,0.0,937
FRA-PEK,360.0,0.0,15
FRA-PHX,-540.0,0.0,943
FRA-PTY,-420.0,0.0,847
FRA-PVG,360.0,0.0,53
FRA-SAW,60.0,0.0,287
FRA-SCL,-360.0,0.0,569
FRA-SEA,-540.0,0.0,675
FRA-SFO,-540.0,0.0,1000
FRA-SGN,300.0,0.0,670
FRA-SHA,360.0,0.0,106
FRA-SIN,360.0,0.0,750
FRA-SVO,60.0,0.0,132
FRA-SYD,480.0,0.0,838
FRA-SZX,360.0,0.0,7
FRA-TPE,360.0,0.0,415
FRA-VCP,-300.0,0.0,711
FRA-VIE,0.0,0.0,1079
FRA-XIY,360.0,0.0,3
FRA-YYZ,-360.0,0.0,944
FRA-ZRH,0.0,0.0,1051
GRU-ADD,360.0,0.0,187
GRU-AEP,0.0,0.0,368
GRU-ALG,240.0,0.0,168
GRU-AMS,300.0,0.0,506
GRU-ARN,300.0,0.0,493
GRU-ATH,360.0,0.0,495
GRU-ATL,-60.0,0.0,618
GRU-BKK,600.0,0.0,453
GRU-BLR,510.0,0.0,577
GRU-BOG,-120.0,0.0,439
GRU-BOM,510.0,0.0,525
GRU-BRU,300.0,0.0,566
GRU-CAI,300.0,0.0,429
GRU-CAN,660.0,0.0,11
GRU-CDG,300.0,0.0,533
GRU-CGK,600.0,0.0,327
GRU-CLT,-60.0,0.0,588
GRU-CMN,223.75,26.703177741469954,336
GRU-CNF,0.0,0.0,1005
GRU-CPH,300.0,0.0,452
GRU-CPT,300.0,0.0,49
GRU-CTU,660.0,0.0,2
GRU-DEL,510.0,0.0,561
GRU-DME,360.0,0.0,80
GRU-DOH,360.0,0.0,389
GRU-DUB,240.0,0.0,528
GRU-DXB,420.0,0.0,372
GRU-FCO,300.0,0.0,525
GRU-FLL,-60.0,0.0,591
GRU-FRA,300.0,0.0,642
GRU-HGH,660.0,0.0,9
GRU-HND,720.0,0.0,471
GRU-IAH,-120.0,0.0,686
GRU-ICN,720.0,0.0,456
GRU-IST,360.0,0.0,235
GRU-JFK,-60.0,0.0,688
GRU-JNB,300.0,0.0,28
GRU-KUL,660.0,0.0,274
GRU-LAX,-240.0,0.0,718
GRU-LGW,240.0,0.0,701
GRU-LHR,240.0,0.0,769
GRU-LIM,-120.0,0.0,864
GRU-LIS,240.0,0.0,535
GRU-MAD,300.0,0.0,671
GRU-MAN,240.0,0.0,595
GRU-MCO,-60.0,0.0,678
GRU-MEL,780.0,0.0,252
GRU-MEX,-120.0,0.0,721
GRU-MIA,-60.0,0.0,722
GRU-MNL,660.0,0.0,358
GRU-MUC,300.0,0.0,614
GRU-MXP,300.0,0.0,622
GRU-NBO,360.0,0.0,236
GRU-NRT,720.0,0.0,484
GRU-ORD,-120.0,0.0,610
GRU-OSL,300.0,0.0,421
GRU-PEK,660.0,0.0,33
GRU-PHX,-240.0,0.0,682
GRU-PTY,-120.0,0.0,594
GRU-PVG,660.0,0.0,67
GRU-SAW,360.0,0.0,38
GRU-SCL,-60.0,0.0,932
GRU-SEA,-240.0,0.0,690
GRU-SFO,-240.0,0.0,670
GRU-SGN,600.0,0.0,257
GRU-SHA,660.0,0.0,36
GRU-SIN,660.0,0.0,376
GRU-SVO,360.0,0.0,87
GRU-SYD,780.0,0.0,438
GRU-SZX,660.0,0.0,18
GRU-TPE,660.0,0.0,325
GRU-VIE,300.0,0.0,553
GRU-YYZ,-60.0,0.0,667
GRU-ZRH,300.0,0.0,584
HGH-ADD,-300.0,0.0,12
HGH-AEP,-660.0,0.0,18
HGH-ALG,-420.0,0.0,10
HGH-AMS,-360.0,0.0,132
HGH-ARN,-360.0,0.0,44
HGH-ATH,-300.0,0.0,89
HGH-ATL,-720.0,0.0,16
HGH-BKK,-60.0,0.0,387
HGH-BLR,-150.0,0.0,20
HGH-BOG,-780.0,0.0,33
HGH-BOM,-150.0,0.0,78
HGH-BRU,-360.0,0.0,172
HGH-CAI,-360.0,0.0,167
HGH-CAN,0.0,0.0,590
HGH-CDG,-360.0,0.0,137
HGH-CGK,-60.0,0.0,230
HGH-CGO,0.0,0.0,249
HGH-CLT,-720.0,0.0,16
HGH-CMN,-423.0,13.41640786499874,20
HGH-CNF,-660.0,0.0,23
HGH-CPH,-360.0,0.0,89
HGH-CPT,-360.0,0.0,20
HGH-CTU,0.0,0.0,253
HGH-DEL,-150.0,0.0,38
HGH-DME,-300.0,0.0,17
HGH-DOH,-300.0,0.0,49
HGH-DUB,-420.0,0.0,34
HGH-DXB,-240.0,0.0,14
HGH-FCO,-360.0,0.0,130
HGH-FLL,-720.0,0.0,36
HGH-FRA,-360.0,0.0,373
HGH-GRU,-660.0,0.0,27
HGH-HND,60.0,0.0,186
HGH-IAH,-780.0,0.0,31
HGH-ICN,60.0,0.0,61
HGH-IST,-300.0,0.0,51
HGH-JFK,-720.0,0.0,332
HGH-JNB,-360.0,0.0,16
HGH-KUL,0.0,0.0,286
HGH-LAX,-900.0,0.0,268
HGH-LGW,-420.0,0.0,30
HGH-LHR,-420.0,0.0,186
HGH-LIM,-780.0,0.0,24
HGH-LIS,-420.0,0.0,57
HGH-MAD,-360.0,0.0,164
HGH-MAN,-420.0,0.0,108
HGH-MCO,-720.0,0.0,33
HGH-MEL,120.0,0.0,332
HGH-MEX,-780.0,0.0,146
HGH-MIA,-720.0,0.0,30
HGH-MNL,0.0,0.0,131
HGH-MUC,-360.0,0.0,146
HGH-MXP,-360.0,0.0,109
HGH-NBO,-300.0,0.0,33
HGH-NRT,60.0,0.0,362
HGH-ORD,-780.0,0.0,35
HGH-OSL,-360.0,0.0,45
HGH-PEK,0.0,0.0,404
HGH-PHX,-900.0,0.0,19
HGH-PTY,-780.0,0.0,23
HGH-PVG,0.0,0.0,365
HGH-SAW,-300.0,0.0,5
HGH-SCL,-720.0,0.0,35
HGH-SEA,-900.0,0.0,135
HGH-SFO,-900.0,0.0,284
HGH-SGN,-60.0,0.0,126
HGH-SHA,0.0,0.0,386
HGH-SIN,0.0,0.0,323
HGH-SVO,-300.0,0.0,7
HGH-SYD,120.0,0.0,301
HGH-SZX,0.0,0.0,516
HGH-TPE,0.0,0.0,194
HGH-VIE,-360.0,0.0,95
HGH-XIY,0.0,0.0,226
HGH-YYZ,-720.0,0.0,136
HGH-ZRH,-360.0,0.0,53
MEL-ADD,-420.0,0.0,658
MEL-AEP,-780.0,0.0,304
MEL-ALG,-540.0,0.0,184
MEL-AMS,-480.0,0.0,662
MEL-ARN,-480.0,0.0,615
MEL-ATH,-420.0,0.0,659
MEL-ATL,-840.0,0.0,579
MEL-BKK,-180.0,0.0,673
MEL-BLR,-270.0,0.0,901
MEL-BOG,-900.0,0.0,642
MEL-BOM,-270.0,0.0,827
MEL-BRU,-480.0,0.0,660
MEL-CAI,-480.0,0.0,907
MEL-CAN,-120.0,0.0,58
MEL-CDG,-480.0,0.0,709
MEL-CGK,-180.0,0.0,688
MEL-CGO,-120.0,0.0,4
MEL-CLT,-840.0,0.0,806
MEL-CMN,-567.9478827361563,29.978596183989076,307
MEL-CNF,-780.0,0.0,275
MEL-CPH,-480.0,0.0,776
MEL-CPT,-480.0,0.0,758
MEL-CTU,-120.0,0.0,10
MEL-DEL,-270.0,0.0,1042
MEL-DME,-420.0,0.0,195
MEL-DOH,-420.0,0.0,523
MEL-DUB,-540.0,0.0,806
MEL-DXB,-360.0,0.0,747
MEL-FCO,-480.0,0.0,691
MEL-FLL,-840.0,0.0,653
MEL-FRA,-480.0,0.0,718
MEL-GRU,-780.0,0.0,556
MEL-HGH,-120.0,0.0,12
MEL-HND,-60.0,0.0,627
MEL-IAH,-900.0,0.0,713
MEL-ICN,-60.0,0.0,616
MEL-IST,-420.0,0.0,522
MEL-JFK,-840.0,0.0,793
MEL-JNB,-480.0,0.0,493
MEL-KUL,-120.0,0.0,823
MEL-LAX,-1020.0,0.0,1008
MEL-LGW,-540.0,0.0,705
MEL-LHR,-540.0,0.0,868
MEL-LIM,-900.0,0.0,625
MEL-LIS,-540.0,0.0,513
MEL-MAD,-480.0,0.0,561
MEL-MAN,-540.0,0.0,739
MEL-MCO,-840.0,0.0,800
MEL-MEX,-900.0,0.0,716
MEL-MIA,-840.0,0.0,855
MEL-MNL,-120.0,0.0,857
MEL-MUC,-480.0,0.0,754
MEL-MXP,-480.0,0.0,660
MEL-NBO,-420.0,0.0,630
MEL-NRT,-60.0,0.0,608
MEL-ORD,-900.0,0.0,781
MEL-OSL,-480.0,0.0,586
MEL-PEK,-120.0,0.0,58
MEL-PHX,-1020.0,0.0,719
MEL-PTY,-900.0,0.0,292
MEL-PVG,-120.0,0.0,189
MEL-SAW,-420.0,0.0,37
MEL-SCL,-840.0,0.0,475
MEL-SEA,-1020.0,0.0,732
MEL-SFO,-1020.0,0.0,783
MEL-SGN,-180.0,0.0,686
MEL-SHA,-120.0,0.0,81
MEL-SIN,-120.0,0.0,803
MEL-SVO,-420.0,0.0,380
MEL-SYD,0.0,0.0,1096
MEL-SZX,-120.0,0.0,3
MEL-TPE,-120.0,0.0,506
MEL-VCP,-780.0,0.0,232
MEL-VIE,-480.0,0.0,569
MEL-XIY,-120.0,0.0,4
MEL-YYZ,-840.0,0.0,878
MEL-ZRH,-480.0,0.0,655
MUC-ADD,60.0,0.0,385
MUC-AEP,-300.0,0.0,895
MUC-ALG,-60.0,0.0,461
MUC-AMS,0.0,0.0,1003
MUC-ARN,0.0,0.0,1018
MUC-ATH,60.0,0.0,965
MUC-ATL,-360.0,0.0,772
MUC-BKK,300.0,0.0,778
MUC-BLR,210.0,0.0,1075
MUC-BOG,-420.0,0.0,942
MUC-BOM,210.0,0.0,829
MUC-BRU,0.0,0.0,1050
MUC-CAI,0.0,0.0,850
MUC-CAN,360.0,0.0,4
MUC-CDG,0.0,0.0,1118
MUC-CGK,300.0,0.0,554
MUC-CLT,-360.0,0.0,788
MUC-CMN,-83.50961538461539,29.324768984534096,416
MUC-CNF,-300.0,0.0,925
MUC-CPH,0.0,0.0,1061
MUC-CPT,0.0,0.0,727
MUC-CTU,360.0,0.0,2
MUC-DEL,210.0,0.0,811
MUC-DME,60.0,0.0,347
MUC-DOH,60.0,0.0,752
MUC-DUB,-60.0,0.0,931
MUC-DXB,120.0,0.0,699
MUC-FCO,0.0,0.0,1306
MUC-FLL,-360.0,0.0,944
MUC-FRA,0.0,0.0,1165
MUC-GRU,-300.0,0.0,702
MUC-HGH,360.0,0.0,11
MUC-HND,420.0,0.0,536
MUC-IAH,-420.0,0.0,1048
MUC-ICN,420.0,0.0,734
MUC-IST,60.0,0.0,666
MUC-JFK,-360.0,0.0,719
MUC-JNB,0.0,0.0,612
MUC-KUL,360.0,0.0,649
MUC-LAX,-540.0,0.0,1034
MUC-LGW,-60.0,0.0,578
MUC-LHR,-60.0,0.0,1238
MUC-LIM,-420.0,0.0,765
MUC-LIS,-60.0,0.0,1006
MUC-MAD,0.0,0.0,850
MUC-MAN,-60.0,0.0,903
MUC-MCO,-360.0,0.0,975
MUC-MEL,480.0,0.0,831
MUC-MEX,-420.0,0.0,953
MUC-MIA,-360.0,0.0,831
MUC-MNL,360.0,0.0,593
MUC-MXP,0.0,0.0,1136
MUC-NBO,60.0,0.0,650
MUC-NRT,420.0,0.0,438
MUC-ORD,-420.0,0.0,936
MUC-OSL,0.0,0.0,941
MUC-PEK,360.0,0.0,27
MUC-PHX,-540.0,0.0,1076
MUC-PTY,-420.0,0.0,847
MUC-PVG,360.0,0.0,27
MUC-SAW,60.0,0.0,93
MUC-SCL,-360.0,0.0,695
MUC-SEA,-540.0,0.0,725
MUC-SFO,-540.0,0.0,983
MUC-SGN,300.0,0.0,593
MUC-SHA,360.0,0.0,131
MUC-SIN,360.0,0.0,728
MUC-SVO,60.0,0.0,125
MUC-SYD,480.0,0.0,895
MUC-SZX,360.0,0.0,6
MUC-TPE,360.0,0.0,344
MUC-VCP,-300.0,0.0,511
MUC-VIE,0.0,0.0,1100
MUC-YYZ,-360.0,0.0,940
MUC-ZRH,0.0,0.0,1074
PEK-ADD,-300.0,0.0,20
PEK-AEP,-660.0,0.0,56
PEK-ALG,-420.0,0.0,8
PEK-AMS,-360.0,0.0,56
PEK-ARN,-360.0,0.0,220
PEK-ATH,-300.0,0.0,93
PEK-ATL,-720.0,0.0,207
PEK-BKK,-60.0,0.0,168
PEK-BLR,-150.0,0.0,136
PEK-BOG,-780.0,0.0,186
PEK-BOM,-150.0,0.0,66
PEK-BRU,-360.0,0.0,136
PEK-CAI,-360.0,0.0,43
PEK-CAN,0.0,0.0,28
PEK-CDG,-360.0,0.0,59
PEK-CGK,-60.0,0.0,105
PEK-CGO,0.0,0.0,31
PEK-CLT,-720.0,0.0,190
PEK-CMN,-423.52941176470586,14.552137502179981,17
PEK-CNF,-660.0,0.0,13
PEK-CPH,-360.0,0.0,66
PEK-CPT,-360.0,0.0,22
PEK-CTU,0.0,0.0,24
PEK-DEL,-150.0,0.0,141
PEK-DME,-300.0,0.0,4
PEK-DOH,-300.0,0.0,9
PEK-DUB,-420.0,0.0,66
PEK-DXB,-240.0,0.0,16
PEK-FCO,-360.0,0.0,77
PEK-FLL,-720.0,0.0,166
PEK-FRA,-360.0,0.0,126
PEK-GRU,-660.0,0.0,157
PEK-HGH,0.0,0.0,29
PEK-HND,60.0,0.0,241
PEK-IAH,-780.0,0.0,240
PEK-ICN,60.0,0.0,103
PEK-IST,-300.0,0.0,32
PEK-JFK,-720.0,0.0,242
PEK-JNB,-360.0,0.0,26
PEK-KUL,0.0,0.0,60
PEK-LAX,-900.0,0.0,210
PEK-LGW,-420.0,0.0,63
PEK-LHR,-420.0,0.0,78
PEK-LIM,-780.0,0.0,22
PEK-LIS,-420.0,0.0,170
PEK-MAD,-360.0,0.0,94
PEK-MAN,-420.0,0.0,93
PEK-MCO,-720.0,0.0,202
PEK-MEL,120.0,0.0,309
PEK-MEX,-780.0,0.0,186
PEK-MIA,-720.0,0.0,161
PEK-MNL,0.0,0.0,116
PEK-MUC,-360.0,0.0,73
PEK-MXP,-360.0,0.0,102
PEK-NBO,-300.0,0.0,35
PEK-NRT,60.0,0.0,240
PEK-ORD,-780.0,0.0,235
PEK-OSL,-360.0,0.0,78
PEK-PHX,-900.0,0.0,151
PEK-PTY,-780.0,0.0,33
PEK-PVG,0.0,0.0,52
PEK-SAW,-300.0,0.0,8
PEK-SCL,-720.0,0.0,117
PEK-SEA,-900.0,0.0,142
PEK-SFO,-900.0,0.0,217
PEK-SGN,-60.0,0.0,28
PEK-SHA,0.0,0.0,39
PEK-SIN,0.0,0.0,238
PEK-SVO,-300.0,0.0,6
PEK-SYD,120.0,0.0,317
PEK-SZX,0.0,0.0,23
PEK-TPE,0.0,0.0,135
PEK-VCP,-660.0,0.0,2
PEK-VIE,-360.0,0.0,76
PEK-XIY,0.0,0.0,23
PEK-YYZ,-720.0,0.0,268
PEK-ZRH,-360.0,0.0,44
PVG-ADD,-300.0,0.0,19
PVG-AEP,-660.0,0.0,399
PVG-ALG,-420.0,0.0,57
PVG-AMS,-360.0,0.0,393
PVG-ARN,-360.0,0.0,452
PVG-ATH,-300.0,0.0,402
PVG-ATL,-720.0,0.0,486
PVG-BKK,-60.0,0.0,326
PVG-BLR,-150.0,0.0,227
PVG-BOG,-780.0,0.0,505
PVG-BOM,-150.0,0.0,236
PVG-BRU,-360.0,0.0,416
PVG-CAI,-360.0,0.0,259
PVG-CAN,0.0,0.0,444
PVG-CDG,-360.0,0.0,411
PVG-CGK,-60.0,0.0,243
PVG-CGO,0.0,0.0,458
PVG-CLT,-720.0,0.0,367
PVG-CMN,-425.3333333333333,17.267941920849093,45
PVG-CNF,-660.0,0.0,251
PVG-CPH,-360.0,0.0,492
PVG-CPT,-360.0,0.0,101
PVG-CTU,0.0,0.0,457
PVG-DEL,-150.0,0.0,291
PVG-DME,-300.0,0.0,40
PVG-DOH,-300.0,0.0,27
PVG-DUB,-420.0,0.0,431
PVG-DXB,-240.0,0.0,67
PVG-FCO,-360.0,0.0,392
PVG-FLL,-720.0,0.0,537
PVG-FRA,-360.0,0.0,429
PVG-GRU,-660.0,0.0,452
PVG-HGH,0.0,0.0,411
PVG-HND,60.0,0.0,369
PVG-IAH,-780.0,0.0,660
PVG-ICN,60.0,0.0,126
PVG-IST,-300.0,0.0,301
PVG-JFK,-720.0,0.0,324
PVG-JNB,-360.0,0.0,39
PVG-KUL,0.0,0.0,251
PVG-LAX,-900.0,0.0,436
PVG-LGW,-420.0,0.0,292
PVG-LHR,-420.0,0.0,536
PVG-LIM,-780.0,0.0,162
PVG-LIS,-420.0,0.0,414
PVG-MAD,-360.0,0.0,259
PVG-MAN,-420.0,0.0,424
PVG-MCO,-720.0,0.0,621
PVG-MEL,120.0,0.0,525
PVG-MEX,-780.0,0.0,615
PVG-MIA,-720.0,0.0,397
PVG-MNL,0.0,0.0,231
PVG-MUC,-360.0,0.0,522
PVG-MXP,-360.0,0.0,556
PVG-NBO,-300.0,0.0,118
PVG-NRT,60.0,0.0,340
PVG-ORD,-780.0,0.0,651
PVG-OSL,-360.0,0.0,349
PVG-PEK,0.0,0.0,253
PVG-PHX,-900.0,0.0,387
PVG-PTY,-780.0,0.0,237
PVG-SAW,-300.0,0.0,21
PVG-SCL,-720.0,0.0,381
PVG-SEA,-900.0,0.0,247
PVG-SFO,-900.0,0.0,378
PVG-SGN,-60.0,0.0,183
PVG-SIN,0.0,0.0,362
PVG-SVO,-300.0,0.0,16
PVG-SYD,120.0,0.0,511
PVG-SZX,0.0,0.0,573
PVG-TPE,0.0,0.0,178
PVG-VCP,-660.0,0.0,19
PVG-VIE,-360.0,0.0,347
PVG-XIY,0.0,0.0,482
PVG-YYZ,-720.0,0.0,572
PVG-ZRH,-360.0,0.0,479
SCL-ADD,420.0,0.0,56
SCL-AEP,60.0,0.0,464
SCL-ALG,300.0,0.0,36
SCL-AMS,360.0,0.0,624
SCL-ARN,360.0,0.0,593
SCL-ATH,420.0,0.0,451
SCL-ATL,0.0,0.0,769
SCL-BKK,660.0,0.0,493
SCL-BLR,570.0,0.0,330
SCL-BOG,-60.0,0.0,722
SCL-BOM,570.0,0.0,404
SCL-BRU,360.0,0.0,518
SCL-CAI,360.0,0.0,629
SCL-CAN,720.0,0.0,31
SCL-CDG,360.0,0.0,583
SCL-CGK,660.0,0.0,287
SCL-CGO,720.0,0.0,22
SCL-CLT,0.0,0.0,570
SCL-CMN,282.5,27.36697003599495,144
SCL-CNF,60.0,0.0,1002
SCL-CPH,360.0,0.0,493
SCL-CPT,360.0,0.0,356
SCL-CTU,720.0,0.0,125
SCL-DEL,570.0,0.0,636
SCL-DME,420.0,0.0,111
SCL-DOH,420.0,0.0,691
SCL-DUB,300.0,0.0,633
SCL-DXB,480.0,0.0,456
SCL-FCO,360.0,0.0,538
SCL-FLL,0.0,0.0,833
SCL-FRA,360.0,0.0,560
SCL-GRU,60.0,0.0,958
SCL-HGH,720.0,0.0,10
SCL-HND,780.0,0.0,538
SCL-IAH,-60.0,0.0,861
SCL-ICN,780.0,0.0,778
SCL-IST,420.0,0.0,515
SCL-JFK,0.0,0.0,794
SCL-JNB,360.0,0.0,343
SCL-KUL,720.0,0.0,354
SCL-LAX,-180.0,0.0,748
SCL-LGW,300.0,0.0,365
SCL-LHR,300.0,0.0,698
SCL-LIM,-60.0,0.0,1034
SCL-LIS,300.0,0.0,433
SCL-MAD,360.0,0.0,696
SCL-MAN,300.0,0.0,550
SCL-MCO,0.0,0.0,772
SCL-MEL,840.0,0.0,298
SCL-MEX,-60.0,0.0,921
SCL-MIA,0.0,0.0,850
SCL-MNL,720.0,0.0,356
SCL-MUC,360.0,0.0,532
SCL-MXP,360.0,0.0,450
SCL-NBO,420.0,0.0,271
SCL-NRT,780.0,0.0,748
SCL-ORD,-60.0,0.0,696
SCL-OSL,360.0,0.0,452
SCL-PEK,720.0,0.0,81
SCL-PHX,-180.0,0.0,753
SCL-PTY,-60.0,0.0,830
SCL-PVG,720.0,0.0,61
SCL-SAW,420.0,0.0,416
SCL-SEA,-180.0,0.0,725
SCL-SFO,-180.0,0.0,747
SCL-SGN,660.0,0.0,341
SCL-SHA,720.0,0.0,114
SCL-SIN,720.0,0.0,288
SCL-SVO,420.0,0.0,27
SCL-SYD,840.0,0.0,294
SCL-SZX,720.0,0.0,121
SCL-TPE,720.0,0.0,249
SCL-VIE,360.0,0.0,442
SCL-XIY,720.0,0.0,92
SCL-YYZ,0.0,0.0,759
SCL-ZRH,360.0,0.0,504
SHA-ADD,-300.0,0.0,7
SHA-AEP,-660.0,0.0,326
SHA-ALG,-420.0,0.0,50
SHA-AMS,-360.0,0.0,124
SHA-ARN,-360.0,0.0,145
SHA-ATH,-300.0,0.0,119
SHA-ATL,-720.0,0.0,225
SHA-BKK,-60.0,0.0,445
SHA-BLR,-150.0,0.0,184
SHA-BOG,-780.0,0.0,341
SHA-BOM,-150.0,0.0,246
SHA-BRU,-360.0,0.0,271
SHA-CAI,-360.0,0.0,69
SHA-CAN,0.0,0.0,551
SHA-CDG,-360.0,0.0,165
SHA-CGK,-60.0,0.0,170
SHA-CGO,0.0,0.0,492
SHA-CLT,-720.0,0.0,107
SHA-CMN,-420.0,0.0,55
SHA-CNF,-660.0,0.0,21
SHA-CPH,-360.0,0.0,164
SHA-CPT,-360.0,0.0,100
SHA-CTU,0.0,0.0,528
SHA-DEL,-150.0,0.0,179
SHA-DME,-300.0,0.0,23
SHA-DOH,-300.0,0.0,31
SHA-DUB,-420.0,0.0,110
SHA-DXB,-240.0,0.0,62
SHA-FCO,-360.0,0.0,157
SHA-FLL,-720.0,0.0,192
SHA-FRA,-360.0,0.0,190
SHA-GRU,-660.0,0.0,204
SHA-HGH,0.0,0.0,542
SHA-HND,60.0,0.0,327
SHA-IAH,-780.0,0.0,371
SHA-ICN,60.0,0.0,90
SHA-IST,-300.0,0.0,126
SHA-JFK,-720.0,0.0,219
SHA-JNB,-360.0,0.0,70
SHA-KUL,0.0,0.0,250
SHA-LAX,-900.0,0.0,311
SHA-LGW,-420.0,0.0,281
SHA-LHR,-420.0,0.0,286
SHA-LIM,-780.0,0.0,140
SHA-LIS,-420.0,0.0,218
SHA-MAD,-360.0,0.0,183
SHA-MAN,-420.0,0.0,284
SHA-MCO,-720.0,0.0,230
SHA-MEL,120.0,0.0,446
SHA-MEX,-780.0,0.0,329
SHA-MIA,-720.0,0.0,137
SHA-MNL,0.0,0.0,238
SHA-MUC,-360.0,0.0,177
SHA-MXP,-360.0,0.0,250
SHA-NBO,-300.0,0.0,78
SHA-NRT,60.0,0.0,280
SHA-ORD,-780.0,0.0,313
SHA-OSL,-360.0,0.0,152
SHA-PEK,0.0,0.0,347
SHA-PHX,-900.0,0.0,246
SHA-PTY,-780.0,0.0,127
SHA-SAW,-300.0,0.0,23
SHA-SCL,-720.0,0.0,352
SHA-SEA,-900.0,0.0,183
SHA-SFO,-900.0,0.0,293
SHA-SGN,-60.0,0.0,95
SHA-SIN,0.0,0.0,329
SHA-SVO,-300.0,0.0,7
SHA-SYD,120.0,0.0,310
SHA-SZX,0.0,0.0,595
SHA-TPE,0.0,0.0,247
SHA-VIE,-360.0,0.0,159
SHA-XIY,0.0,0.0,518
SHA-YYZ,-720.0,0.0,199
SHA-ZRH,-360.0,0.0,116
SYD-ADD,-420.0,0.0,589
SYD-AEP,-780.0,0.0,273
SYD-ALG,-540.0,0.0,282
SYD-AMS,-480.0,0.0,752
SYD-ARN,-480.0,0.0,787
SYD-ATH,-420.0,0.0,728
SYD-ATL,-840.0,0.0,562
SYD-BKK,-180.0,0.0,692
SYD-BLR,-270.0,0.0,926
SYD-BOG,-900.0,0.0,620
SYD-BOM,-270.0,0.0,856
SYD-BRU,-480.0,0.0,791
SYD-CAI,-480.0,0.0,921
SYD-CAN,-120.0,0.0,99
SYD-CDG,-480.0,0.0,861
SYD-CGK,-180.0,0.0,634
SYD-CGO,-120.0,0.0,121
SYD-CLT,-840.0,0.0,733
SYD-CMN,-567.9746835443038,29.963180231099884,474
SYD-CNF,-780.0,0.0,599
SYD-CPH,-480.0,0.0,828
SYD-CPT,-480.0,0.0,543
SYD-CTU,-120.0,0.0,28
SYD-DEL,-270.0,0.0,915
SYD-DME,-420.0,0.0,286
SYD-DOH,-420.0,0.0,699
SYD-DUB,-540.0,0.0,938
SYD-DXB,-360.0,0.0,802
SYD-FCO,-480.0,0.0,807
SYD-FLL,-840.0,0.0,683
SYD-FRA,-480.0,0.0,876
SYD-GRU,-780.0,0.0,429
SYD-HGH,-120.0,0.0,120
SYD-HND,-60.0,0.0,566
SYD-IAH,-900.0,0.0,780
SYD-ICN,-60.0,0.0,565
SYD-IST,-420.0,0.0,629
SYD-JFK,-840.0,0.0,713
SYD-JNB,-480.0,0.0,310
SYD-KUL,-120.0,0.0,792
SYD-LAX,-1020.0,0.0,693
SYD-LGW,-540.0,0.0,780
SYD-LHR,-540.0,0.0,950
SYD-LIM,-900.0,0.0,469
SYD-LIS,-540.0,0.0,665
SYD-MAD,-480.0,0.0,788
SYD-MAN,-540.0,0.0,833
SYD-MCO,-840.0,0.0,873
SYD-MEL,0.0,0.0,1068
SYD-MEX,-900.0,0.0,647
SYD-MIA,-840.0,0.0,700
SYD-MNL,-120.0,0.0,845
SYD-MUC,-480.0,0.0,840
SYD-MXP,-480.0,0.0,867
SYD-NBO,-420.0,0.0,712
SYD-NRT,-60.0,0.0,535
SYD-ORD,-900.0,0.0,909
SYD-OSL,-480.0,0.0,770
SYD-PEK,-120.0,0.0,41
SYD-PHX,-1020.0,0.0,659
SYD-PTY,-900.0,0.0,591
SYD-PVG,-120.0,0.0,79
SYD-SAW,-420.0,0.0,46
SYD-SCL,-840.0,0.0,406
SYD-SEA,-1020.0,0.0,589
SYD-SFO,-1020.0,0.0,637
SYD-SGN,-180.0,0.0,691
SYD-SHA,-120.0,0.0,187
SYD-SIN,-120.0,0.0,769
SYD-SVO,-420.0,0.0,330
SYD-SZX,-120.0,0.0,11
SYD-TPE,-120.0,0.0,616
SYD-VCP,-780.0,0.0,331
SYD-VIE,-480.0,0.0,808
SYD-XIY,-120.0,0.0,120
SYD-YYZ,-840.0,0.0,895
SYD-ZRH,-480.0,0.0,732
SZX-ADD,-300.0,0.0,7
SZX-AEP,-660.0,0.0,29
SZX-ALG,-420.0,0.0,28
SZX-AMS,-360.0,0.0,118
SZX-ARN,-360.0,0.0,94
SZX-ATH,-300.0,0.0,211
SZX-ATL,-720.0,0.0,216
SZX-BKK,-60.0,0.0,363
SZX-BLR,-150.0,0.0,211
SZX-BOG,-780.0,0.0,149
SZX-BOM,-150.0,0.0,197
SZX-BRU,-360.0,0.0,217
SZX-CAI,-360.0,0.0,73
SZX-CAN,0.0,0.0,265
SZX-CDG,-360.0,0.0,362
SZX-CGK,-60.0,0.0,21
SZX-CGO,0.0,0.0,643
SZX-CLT,-720.0,0.0,182
SZX-CMN,-425.45454545454544,18.090680674665816,11
SZX-CNF,-660.0,0.0,13
SZX-CPH,-360.0,0.0,145
SZX-CPT,-360.0,,1
SZX-CTU,0.0,0.0,591
SZX-DEL,-150.0,0.0,147
SZX-DME,-300.0,0.0,2
SZX-DOH,-300.0,0.0,88
SZX-DUB,-420.0,0.0,113
SZX-DXB,-240.0,0.0,22
SZX-FCO,-360.0,0.0,96
SZX-FLL,-720.0,0.0,159
SZX-FRA,-360.0,0.0,386
SZX-GRU,-660.0,0.0,362
SZX-HGH,0.0,0.0,586
SZX-HND,60.0,0.0,172
SZX-IAH,-780.0,0.0,386
SZX-ICN,60.0,0.0,164
SZX-IST,-300.0,0.0,24
SZX-JFK,-720.0,0.0,395
SZX-JNB,-360.0,0.0,6
SZX-KUL,0.0,0.0,249
SZX-LAX,-900.0,0.0,263
SZX-LGW,-420.0,0.0,140
SZX-LHR,-420.0,0.0,368
SZX-LIM,-780.0,0.0,13
SZX-LIS,-420.0,0.0,195
SZX-MAD,-360.0,0.0,115
SZX-MAN,-420.0,0.0,149
SZX-MCO,-720.0,0.0,278
SZX-MEL,120.0,0.0,443
SZX-MEX,-780.0,0.0,274
SZX-MIA,-720.0,0.0,122
SZX-MNL,0.0,0.0,237
SZX-MUC,-360.0,0.0,215
SZX-MXP,-360.0,0.0,207
SZX-NBO,-300.0,0.0,103
SZX-NRT,60.0,0.0,331
SZX-ORD,-780.0,0.0,439
SZX-OSL,-360.0,0.0,50
SZX-PEK,0.0,0.0,31
SZX-PHX,-900.0,0.0,160
SZX-PTY,-780.0,0.0,23
SZX-PVG,0.0,0.0,148
SZX-SAW,-300.0,,1
SZX-SCL,-720.0,0.0,68
SZX-SEA,-900.0,0.0,243
SZX-SFO,-900.0,0.0,458
SZX-SGN,-60.0,0.0,126
SZX-SHA,0.0,0.0,25
SZX-SIN,0.0,0.0,351
SZX-SVO,-300.0,0.0,2
SZX-SYD,120.0,0.0,334
SZX-TPE,0.0,0.0,212
SZX-VCP,-660.0,0.0,8
SZX-VIE,-360.0,0.0,124
SZX-XIY,0.0,0.0,25
SZX-YYZ,-720.0,0.0,259
SZX-ZRH,-360.0,0.0,130
VCP-ALG,240.0,0.0,2
VCP-AMS,300.0,0.0,114
VCP-ARN,300.0,0.0,73
VCP-ATH,360.0,0.0,174
VCP-ATL,-60.0,0.0,527
VCP-BKK,600.0,0.0,23
VCP-BLR,510.0,0.0,2
VCP-BOG,-120.0,0.0,236
VCP-BOM,510.0,0.0,5
VCP-BRU,300.0,0.0,276
VCP-CAI,300.0,0.0,3
VCP-CDG,300.0,0.0,18
VCP-CGK,600.0,0.0,2
VCP-CLT,-60.0,0.0,338
VCP-CMN,216.3302752293578,29.45997128744153,109
VCP-CNF,0.0,0.0,473
VCP-CPH,300.0,0.0,60
VCP-CPT,300.0,0.0,9
VCP-DEL,510.0,0.0,27
VCP-DOH,360.0,0.0,2
VCP-DUB,240.0,0.0,263
VCP-DXB,420.0,0.0,10
VCP-FCO,300.0,0.0,184
VCP-FLL,-60.0,0.0,406
VCP-FRA,300.0,0.0,350
VCP-HGH,660.0,0.0,2
VCP-HND,720.0,0.0,249
VCP-IAH,-120.0,0.0,517
VCP-ICN,720.0,0.0,24
VCP-IST,360.0,0.0,57
VCP-JFK,-60.0,0.0,106
VCP-JNB,300.0,0.0,12
VCP-LAX,-240.0,0.0,661
VCP-LGW,240.0,0.0,424
VCP-LHR,240.0,0.0,406
VCP-LIM,-120.0,0.0,288
VCP-LIS,240.0,0.0,98
VCP-MAD,300.0,0.0,198
VCP-MAN,240.0,0.0,85
VCP-MCO,-60.0,0.0,532
VCP-MEL,780.0,0.0,196
VCP-MEX,-120.0,0.0,389
VCP-MIA,-60.0,0.0,412
VCP-MNL,660.0,0.0,4
VCP-MUC,300.0,0.0,176
VCP-MXP,300.0,0.0,154
VCP-NBO,360.0,,1
VCP-NRT,720.0,0.0,369
VCP-ORD,-120.0,0.0,549
VCP-OSL,300.0,0.0,98
VCP-PHX,-240.0,0.0,321
VCP-PTY,-120.0,0.0,101
VCP-SAW,360.0,0.0,15
VCP-SEA,-240.0,0.0,550
VCP-SFO,-240.0,0.0,567
VCP-SHA,660.0,0.0,3
VCP-SIN,660.0,,1
VCP-SYD,780.0,0.0,353
VCP-TPE,660.0,0.0,7
VCP-VIE,300.0,0.0,125
VCP-YYZ,-60.0,0.0,506
VCP-ZRH,300.0,0.0,237
VIE-ADD,60.0,0.0,305
VIE-AEP,-300.0,0.0,686
VIE-ALG,-60.0,0.0,470
VIE-AMS,0.0,0.0,905
VIE-ARN,0.0,0.0,853
VIE-ATH,60.0,0.0,923
VIE-ATL,-360.0,0.0,660
VIE-BKK,300.0,0.0,793
VIE-BLR,210.0,0.0,912
VIE-BOG,-420.0,0.0,833
VIE-BOM,210.0,0.0,887
VIE-BRU,0.0,0.0,866
VIE-CAI,0.0,0.0,867
VIE-CAN,360.0,0.0,6
VIE-CDG,0.0,0.0,972
VIE-CGK,300.0,0.0,475
VIE-CLT,-360.0,0.0,788
VIE-CMN,-90.33259423503326,30.031469082530567,451
VIE-CNF,-300.0,0.0,725
VIE-CPH,0.0,0.0,912
VIE-CPT,0.0,0.0,814
VIE-CTU,360.0,0.0,2
VIE-DEL,210.0,0.0,830
VIE-DME,60.0,0.0,279
VIE-DOH,60.0,0.0,700
VIE-DUB,-60.0,0.0,779
VIE-DXB,120.0,0.0,704
VIE-FCO,0.0,0.0,985
VIE-FLL,-360.0,0.0,715
VIE-FRA,0.0,0.0,969
VIE-GRU,-300.0,0.0,648
VIE-HGH,360.0,0.0,2
VIE-HND,420.0,0.0,412
VIE-IAH,-420.0,0.0,886
VIE-ICN,420.0,0.0,589
VIE-IST,60.0,0.0,819
VIE-JFK,-360.0,0.0,703
VIE-JNB,0.0,0.0,573
VIE-KUL,360.0,0.0,496
VIE-LAX,-540.0,0.0,839
VIE-LGW,-60.0,0.0,457
VIE-LHR,-60.0,0.0,1047
VIE-LIM,-420.0,0.0,606
VIE-LIS,-60.0,0.0,893
VIE-MAD,0.0,0.0,840
VIE-MAN,-60.0,0.0,710
VIE-MCO,-360.0,0.0,814
VIE-MEL,480.0,0.0,676
VIE-MEX,-420.0,0.0,700
VIE-MIA,-360.0,0.0,774
VIE-MNL,360.0,0.0,488
VIE-MUC,0.0,0.0,1033
VIE-MXP,0.0,0.0,1001
VIE-NBO,60.0,0.0,631
VIE-NRT,420.0,0.0,411
VIE-ORD,-420.0,0.0,822
VIE-OSL,0.0,0.0,828
VIE-PEK,360.0,0.0,44
VIE-PHX,-540.0,0.0,963
VIE-PTY,-420.0,0.0,705
VIE-PVG,360.0,0.0,49
VIE-SAW,60.0,0.0,279
VIE-SCL,-360.0,0.0,556
VIE-SEA,-540.0,0.0,572
VIE-SFO,-540.0,0.0,875
VIE-SGN,300.0,0.0,458
VIE-SHA,360.0,0.0,75
VIE-SIN,360.0,0.0,726
VIE-SVO,60.0,0.0,122
VIE-SYD,480.0,0.0,859
VIE-SZX,360.0,,1
VIE-TPE,360.0,0.0,304
VIE-VCP,-300.0,0.0,275
VIE-YYZ,-360.0,0.0,790
VIE-ZRH,0.0,0.0,867
XIY-ADD,-300.0,0.0,5
XIY-AEP,-660.0,0.0,10
XIY-ALG,-420.0,0.0,28
XIY-AMS,-360.0,0.0,74
XIY-ARN,-360.0,0.0,145
XIY-ATH,-300.0,0.0,31
XIY-ATL,-720.0,0.0,172
XIY-BKK,-60.0,0.0,325
XIY-BLR,-150.0,0.0,18
XIY-BOG,-780.0,0.0,20
XIY-BOM,-150.0,0.0,27
XIY-BRU,-360.0,0.0,307
XIY-CAI,-360.0,0.0,28
XIY-CAN,0.0,0.0,439
XIY-CDG,-360.0,0.0,92
XIY-CGK,-60.0,0.0,127
XIY-CGO,0.0,0.0,252
XIY-CLT,-720.0,0.0,65
XIY-CMN,-420.0,0.0,18
XIY-CNF,-660.0,0.0,3
XIY-CPH,-360.0,0.0,31
XIY-CPT,-360.0,0.0,7
XIY-CTU,0.0,0.0,238
XIY-DEL,-150.0,0.0,59
XIY-DME,-300.0,0.0,9
XIY-DOH,-300.0,0.0,36
XIY-DUB,-420.0,0.0,65
XIY-DXB,-240.0,0.0,22
XIY-FCO,-360.0,0.0,111
XIY-FLL,-720.0,0.0,59
XIY-FRA,-360.0,0.0,309
XIY-GRU,-660.0,0.0,80
XIY-HGH,0.0,0.0,131
XIY-HND,60.0,0.0,172
XIY-IAH,-780.0,0.0,156
XIY-ICN,60.0,0.0,119
XIY-IST,-300.0,0.0,19
XIY-JFK,-720.0,0.0,363
XIY-JNB,-360.0,0.0,9
XIY-KUL,0.0,0.0,233
XIY-LAX,-900.0,0.0,187
XIY-LGW,-420.0,0.0,152
XIY-LHR,-420.0,0.0,280
XIY-LIM,-780.0,0.0,26
XIY-LIS,-420.0,0.0,295
XIY-MAD,-360.0,0.0,28
XIY-MAN,-420.0,0.0,91
XIY-MCO,-720.0,0.0,68
XIY-MEL,120.0,0.0,346
XIY-MEX,-780.0,0.0,43
XIY-MIA,-720.0,0.0,46
XIY-MNL,0.0,0.0,147
XIY-MUC,-360.0,0.0,202
XIY-MXP,-360.0,0.0,113
XIY-NBO,-300.0,0.0,18
XIY-NRT,60.0,0.0,279
XIY-ORD,-780.0,0.0,186
XIY-OSL,-360.0,0.0,28
XIY-PEK,0.0,0.0,484
XIY-PHX,-900.0,0.0,12
XIY-PTY,-780.0,0.0,7
XIY-PVG,0.0,0.0,474
XIY-SCL,-720.0,0.0,22
XIY-SEA,-900.0,0.0,129
XIY-SFO,-900.0,0.0,308
XIY-SGN,-60.0,0.0,121
XIY-SHA,0.0,0.0,530
XIY-SIN,0.0,0.0,310
XIY-SVO,-300.0,0.0,4
XIY-SYD,120.0,0.0,181
XIY-SZX,0.0,0.0,482
XIY-TPE,0.0,0.0,178
XIY-VIE,-360.0,0.0,41
XIY-YYZ,-720.0,0.0,321
XIY-ZRH,-360.0,0.0,87
YYZ-ADD,420.0,0.0,576
YYZ-AEP,60.0,0.0,626
YYZ-ALG,300.0,0.0,497
YYZ-AMS,360.0,0.0,860
YYZ-ARN,360.0,0.0,1035
YYZ-ATH,420.0,0.0,1085
YYZ-ATL,0.0,0.0,942
YYZ-BKK,660.0,0.0,765
YYZ-BLR,570.0,0.0,846
YYZ-BOG,-60.0,0.0,779
YYZ-BOM,570.0,0.0,820
YYZ-BRU,360.0,0.0,914
YYZ-CAI,360.0,0.0,877
YYZ-CAN,720.0,0.0,136
YYZ-CDG,360.0,0.0,887
YYZ-CGK,660.0,0.0,471
YYZ-CGO,720.0,0.0,7
YYZ-CLT,0.0,0.0,884
YYZ-CMN,280.1028277634961,28.284083849395593,389
YYZ-CNF,60.0,0.0,716
YYZ-CPH,360.0,0.0,1090
YYZ-CPT,360.0,0.0,721
YYZ-CTU,720.0,0.0,49
YYZ-DEL,570.0,0.0,936
YYZ-DME,420.0,0.0,252
YYZ-DOH,420.0,0.0,674
YYZ-DUB,300.0,0.0,820
YYZ-DXB,480.0,0.0,594
YYZ-FCO,360.0,0.0,1064
YYZ-FLL,0.0,0.0,963
YYZ-FRA,360.0,0.0,1049
YYZ-GRU,60.0,0.0,695
YYZ-HGH,720.0,0.0,66
YYZ-HND,780.0,0.0,697
YYZ-IAH,-60.0,0.0,1127
YYZ-ICN,780.0,0.0,744
YYZ-IST,420.0,0.0,750
YYZ-JFK,0.0,0.0,894
YYZ-JNB,360.0,0.0,685
YYZ-KUL,720.0,0.0,538
YYZ-LAX,-180.0,0.0,1030
YYZ-LGW,300.0,0.0,682
YYZ-LHR,300.0,0.0,946
YYZ-LIM,-60.0,0.0,743
YYZ-LIS,300.0,0.0,837
YYZ-MAD,360.0,0.0,759
YYZ-MAN,300.0,0.0,908
YYZ-MCO,0.0,0.0,1056
YYZ-MEL,840.0,0.0,641
YYZ-MEX,-60.0,0.0,918
YYZ-MIA,0.0,0.0,1017
YYZ-MNL,720.0,0.0,577
YYZ-MUC,360.0,0.0,1037
YYZ-MXP,360.0,0.0,1117
YYZ-NBO,420.0,0.0,624
YYZ-NRT,780.0,0.0,886
YYZ-ORD,-60.0,0.0,915
YYZ-OSL,360.0,0.0,989
YYZ-PEK,720.0,0.0,131
YYZ-PHX,-180.0,0.0,936
YYZ-PTY,-60.0,0.0,694
YYZ-PVG,720.0,0.0,147
YYZ-SAW,420.0,0.0,394
YYZ-SCL,0.0,0.0,747
YYZ-SEA,-180.0,0.0,915
YYZ-SFO,-180.0,0.0,1083
YYZ-SGN,660.0,0.0,524
YYZ-SHA,720.0,0.0,141
YYZ-SIN,720.0,0.0,782
YYZ-SVO,420.0,0.0,119
YYZ-SYD,840.0,0.0,906
YYZ-SZX,720.0,0.0,94
YYZ-TPE,720.0,0.0,628
YYZ-VCP,60.0,0.0,504
YYZ-VIE,360.0,0.0,948
YYZ-XIY,720.0,0.0,112
YYZ-ZRH,360.0,0.0,1049
